O00141	KVIGKGSFGKVLLAVKVFVLDYINGGEDLKPENILLTDFGL
O00238	KQIGKGRYGEVWMAVKLLITDYHENGSDLKSKNILVADLGL
O00444	NLLGKGSFAGVYRAIKLLVLEMCHNGEDLTLSNLLLADFGL
O00506	DRIGKGSFGEVYKAIKTIIMEYLGGGSDIKAANVLLADFGV
O14578	SLVGCGHFAEVQVAMKPLVMEYQPGGDDIKPENILVVDFGS
O14733	GEMGSGTCGQVWKAVKVIAMELMGTC-DVKPSNILLCDFGI
O14757	QTLGEGAYGEVQLAVKVLFLEYCSGGEDIKPENLLLSDFGL
O14920	ERLGTGGFGNVIRAIKVLAMEYCQGGDDLKPENIVLIDLGY
O14936	EVIGKGPFSVVRRAVKVMVFEFMDGADDVKPHCVLLGGFGV
O14965	RPLGKGKFGNVYLALKLLILEYAPLGTDIKPENLLLADFGW
O14976	RVLAEGGFAFVYEALKVLLTELCKGQLDLKVENLLLCDFGS
O15075	RTIGDGNFAVVKEALKVLVMELVKGGDDIKPENLLVGDFGL
O15111	ERLGTGGFGNVCLAIKVLAMEYCSGGDDLKPENIVLIDLGY
O15146	RDIGEGAFGRVFQAVKVLLFEYMAYGDDLATRNCLVADFGL
O15197	EVIGTGSFGEVRQAIQLVLTEFMELGPSLSAHSVLVARLGH
O15264	THVGSGAYGSVCSAIKILVMPFM-QTDDLKPGNLAVLDFGL
O15530	KILGEGSFSTVVLAIKVFGLSYAKNGEDLKPENILLTDFGT
O43283	QWLGSGAQGAVFLAIKIIIMEYCAHGQDLKSPNVLVSDFGT
O43293	EELGSGQFAIVRKAAKILILELVSGGEDLKPENIMLIDFGI
O43318	EVVGRGAFGVVCKAIKVLVMEYAEGGSDLKPPNLLLCDFGT
O43353	RYLSRGASGTVSSAVKLIVTEYMPNGSDLKTQNILLADFGL
O43683	HLLGEGAFAQVYEVLKMLVGELN-AINDIKPDNFILIDLGQ
O60285	ETLGKGTYGKVKRAIKIIIMEYASKGEDLKLENILLADFGL
O60674(JH1domain-catalytic)	QQLGKGNFGSVEMAVKVLIMEYLPYGSDLATRNILVGDFGL
O60674(JH2domain-pseudokinase)	ESLGQGTFTKIFKLLKVLVQEFVKFGSNVCAKNILLSDPGI
O75116	KVIGRGAFGEVQLAMKVMVMEYMPGGDDVKPDNMLLADFGT
O75385	DLIGHGAFAVVFKAVKVLVMEYCNGGDDLKPQNILLADFGF
O75460	DVLGHGAEGTIV-AVKIIAIELCAATLDLKPHNILISDFGL
O75582(Kin.Dom.1)	KVLGTGAYGKVFLAMKVLILDYINGGEDIKLENILLTDFGL
O75582(Kin.Dom.2)	KPLGEGSFSICRKAVKVLVMELLNGGEDLKPENLLFIDFGF
O75676(Kin.Dom.1)	KVLGTGAYGKVFLAMKVLILDYVSGGEDLKLENVLLTDFGL
O75676(Kin.Dom.2)	PALGQGSFSVCRRAVKVLVLELLRGGEDLKPENILYIDFGF
O75716	QKLGEGGFSYVDLALKLLLPFFKRGTLDLKPTNILLMDLGS
O75914	EKIGQGASGTVYTAIKVVVMEYLAGGSDIKSDNILLTDFGF
O76039	GVVGEGAYGVVLKAIKVLVFEYV-EKNDIKPENLLICDFGF
O94768	KELGRGKFAVVRQAAKILILEYAAGGEDLKPQNILLVDFGM
O94804	GELGDGAFGKVYKAAKVIMIEFCPGGADLKAGNVLMADFGV
O94806	EVLGSGQFGIVYGAIKVVVMEKLHGD-DLKPENVLLCDFGF
O94921	EKLGEGSYATVYKALKVLVFEYV-HTDDLKPQNLLIADFGL
O95382	LVLGKGTYGVVYAAIKVIFMEEVPGGSDIKGDNVLISDFGT
O95747	EVIGSGATAVVQAAIKVLVMKLLSGGSDVKAGNILLADFGV
O95747(T185E)	EVIGSGATAVVQAAIKVLVMKLLSGGSDVKAGNILLADFGV
O95819	EVVGNGTYGQVYKAIKALVMEFCGAGSDIKGQNVLLVDFGV
O95835	KTLGIGAFGEVCLATKVFVMDYIPGGDDIKPDNILITDFGL
O96013	IKIGEGSTGIVCIAVKVVVMEFLEGGADIKSDSILLSDFGF
O96017	KTLGSGACGEVKLAIKIIVLELMEGGEDLKPENVLLTDFGH
P00519	HKLGGGQYGEVYEAVKVIITEFMTYGNDLAARNCLVADFGL
P00519(E255K)	HKLGGGQYGKVYEAVKVIITEFMTYGNDLAARNCLVADFGL
P00519(E255K)-phosphorylated	HKLGGGQYGKVYEAVKVIITEFMTYGNDLAARNCLVADFGL
P00519(F317I)	HKLGGGQYGEVYEAVKVIITEIMTYGNDLAARNCLVADFGL
P00519(F317I)-nonphosphorylated	HKLGGGQYGEVYEAVKVIITEIMTYGNDLAARNCLVADFGL
P00519(F317I)-phosphorylated	HKLGGGQYGEVYEAVKVIITEIMTYGNDLAARNCLVADFGL
P00519(F317L)	HKLGGGQYGEVYEAVKVIITELMTYGNDLAARNCLVADFGL
P00519(F317L)-nonphosphorylated	HKLGGGQYGEVYEAVKVIITELMTYGNDLAARNCLVADFGL
P00519(F317L)-phosphorylated	HKLGGGQYGEVYEAVKVIITELMTYGNDLAARNCLVADFGL
P00519(F359V)	HKLGGGQYGEVYEAVKVIITEFMTYGNDLAARNCLVADFGL
P00519(G250E)	HKLGEGQYGEVYEAVKVIITEFMTYGNDLAARNCLVADFGL
P00519(H396P)	HKLGGGQYGEVYEAVKVIITEFMTYGNDLAARNCLVADFGL
P00519(H396P)-nonphosphorylated	HKLGGGQYGEVYEAVKVIITEFMTYGNDLAARNCLVADFGL
P00519(H396P)-phosphorylated	HKLGGGQYGEVYEAVKVIITEFMTYGNDLAARNCLVADFGL
P00519(M351T)	HKLGGGQYGEVYEAVKVIITEFMTYGNDLAARNCLVADFGL
P00519(M351T)-phosphorylated	HKLGGGQYGEVYEAVKVIITEFMTYGNDLAARNCLVADFGL
P00519-nonphosphorylated	HKLGGGQYGEVYEAVKVIITEFMTYGNDLAARNCLVADFGL
P00519-phosphorylated	HKLGGGQYGEVYEAVKVIITEFMTYGNDLAARNCLVADFGL
P00519(Q252H)	HKLGGGHYGEVYEAVKVIITEFMTYGNDLAARNCLVADFGL
P00519(Q252H)-nonphosphorylated	HKLGGGHYGEVYEAVKVIITEFMTYGNDLAARNCLVADFGL
P00519(Q252H)-phosphorylated	HKLGGGHYGEVYEAVKVIITEFMTYGNDLAARNCLVADFGL
P00519(T315I)	HKLGGGQYGEVYEAVKVIIIEFMTYGNDLAARNCLVADFGL
P00519(T315I)-nonphosphorylated	HKLGGGQYGEVYEAVKVIIIEFMTYGNDLAARNCLVADFGL
P00519(T315I)-phosphorylated	HKLGGGQYGEVYEAVKVIIIEFMTYGNDLAARNCLVADFGL
P00519(T315N)	HKLGGGQYGEVYEAVKVIINEFMTYGNDLAARNCLVADFGL
P00519(Y253F)	HKLGGGQFGEVYEAVKVIITEFMTYGNDLAARNCLVADFGL
P00519(Y253F)-phosphorylated	HKLGGGQFGEVYEAVKVIITEFMTYGNDLAARNCLVADFGL
P00533	KVLGSGAFGTVYKAIKCLITQLMPFGCDLAARNVLVTDFGL
P00533(A750P)	KVLGSGAFGTVYKAIKCLITQLMPFGCDLAARNVLVTDFGL
P00533(E746-A750del)	KVLGSGAFGTVYKAIKCLITQLMPFGCDLAARNVLVTDFGL
P00533(G719C)	KVLCSGAFGTVYKAIKCLITQLMPFGCDLAARNVLVTDFGL
P00533(G719S)	KVLSSGAFGTVYKAIKCLITQLMPFGCDLAARNVLVTDFGL
P00533(L747-E749del,A750P)	KVLGSGAFGTVYKAIKCLITQLMPFGCDLAARNVLVTDFGL
P00533(L747-S752del,P753S)	KVLGSGAFGTVYKAIKCLITQLMPFGCDLAARNVLVTDFGL
P00533(L747-T751del,Sins)	KVLGSGAFGTVYKAIKCLITQLMPFGCDLAARNVLVTDFGL
P00533(L858R)	KVLGSGAFGTVYKAIKCLITQLMPFGCDLAARNVLVTDFGR
P00533(L858R,T790M)	KVLGSGAFGTVYKAIKCLIMQLMPFGCDLAARNVLVTDFGR
P00533(L861Q)	KVLGSGAFGTVYKAIKCLITQLMPFGCDLAARNVLVTDFGL
P00533(P753S)	KVLGSGAFGTVYKAIKCLITQLMPFGCDLAARNVLVTDFGL
P00533(S752-I759del)	KVLGSGAFGTVYKAIKCLITQLMPFGCDLAARNVLVTDFGL
P00533(T790M)	KVLGSGAFGTVYKAIKCLIMQLMPFGCDLAARNVLVTDFGL
P00533(T790M,L858R)	KVLGSGAFGTVYKAIKCLIMQLMPFGCDLAARNVLVTDFGR
P04049	TRIGSGSFGTVYKAVKLIVTQWCEGSSDMKSNNIFLGDFGL
P04626	KVLGSGAFGTVYKAIKSLVTQLMPYGCDLAARNVLVTDFGL
P04629	WELGEGAFGKVFLAVKVMVFEYMRHGDDLATRNCLVGDFGM
P06213	RELGQGSFGMVYEAVKVVVMELMAHGDDLAARNCMVGDFGM
P06239	ERLGAGQFGEVWMAVKVIITEYMENGSDLRAANILVADFGL
P06241	KRLGNGQFGEVWMAIKVIVTEYMNKGSDLRSANILVADFGL
P06493	EKIGEGTYGVVYKAMKVLIFEFL-SMDDLKPQNLLIADFGL
P07332	EQIGRGNFGEVFSAVKVIVMELVQGGDDLAARNCLVSDFGM
P07333	KTLGAGAFGKVVEAVKVVITEYCCYGDDVAARNVLLGDFGL
P07333-autoinhibited	KTLGAGAFGKVVEAVKVVITEYCCYGDDVAARNVLLGDFGL
P07947	VKLGQGCFGEVWMAIKVIVTEFMSKGSDLRAANILVADFGL
P07948	KRLGAGQFGEVWMAVKVIITEYMAKGSDLRAANVLVADFGL
P07949	KTLGEGEFGKVVKAVKILIVEYAKYGSDLAARNILVSDFGL
P07949(M918T)	KTLGEGEFGKVVKAVKILIVEYAKYGSDLAARNILVSDFGL
P07949(V804L)	KTLGEGEFGKVVKAVKILILEYAKYGSDLAARNILVSDFGL
P07949(V804M)	KTLGEGEFGKVVKAVKILIMEYAKYGSDLAARNILVSDFGL
P07949(Y791F)	KTLGEGEFGKVVKAVKILIVEYAKYGSDLAARNILVSDFGL
P08069	RELGQGSFGMVYEAIKVVIMELMTRGDDLAARNCMVGDFGM
P08581	EVIGRGHFGCVYHAVKLVVLPYMKHGDDLAARNCMLADFGL
P08581(A1209G,V1290L)	EVIGRGHFGCVYHAVKLVVLPYMKHGDDLAGRNCMLADFGL
P08581(D1228H)	EVIGRGHFGCVYHAVKLVVLPYMKHGDDLAARNCMLADFGL
P08581(D1228N)	EVIGRGHFGCVYHAVKLVVLPYMKHGDDLAARNCMLADFGL
P08581(F1200I)	EVIGRGHFGCVYHAVKLVVLPYMKHGDDLAARNCMLADFGL
P08581(M1250T)	EVIGRGHFGCVYHAVKLVVLPYMKHGDDLAARNCMLADFGL
P08581(N1100Y)	EVIGRGHFGCVYHAVKLVVLPYMKHGDDLAARNCMLADFGL
P08581(Y1230A)	EVIGRGHFGCVYHAVKLVVLPYMKHGDDLAARNCMLADFGL
P08581(Y1230C)	EVIGRGHFGCVYHAVKLVVLPYMKHGDDLAARNCMLADFGL
P08581(Y1230D)	EVIGRGHFGCVYHAVKLVVLPYMKHGDDLAARNCMLADFGL
P08581(Y1230H)	EVIGRGHFGCVYHAVKLVVLPYMKHGDDLAARNCMLADFGL
P08581(Y1235D)	EVIGRGHFGCVYHAVKLVVLPYMKHGDDLAARNCMLADFGL
P08631	KKLGAGQFGEVWMAVKVIITEFMAKGSDLRAANILVADFGL
P08922	LLLGSGAFGEVYEAVKLIILELMEGGDDLAARNCLVGDFGL
P09619	RTLGSGAFGQVVEAVKVIITEYCRYGDDLAARNVLICDFGL
P09769	RRLGTGCFGDVWLAVKVIVTEFMCHGSDLRAANILVADFGL
P0C1S8	EKIGVGEFGTVYKAIKV---EYCNGGSDIKPSNIFIGVIEE
P0C264	RKLGSGSYGRVLLALK-FAQEYAPCGDDVKPDNVLVGDLGL
P10721	KTLGAGAFGKVVEAVKVVITEYCCYGDDLAARNILLCDFGL
P10721(A829P)	KTLGAGAFGKVVEAVKVVITEYCCYGDDLAARNILLCDFGL
P10721-autoinhibited	KTLGAGAFGKVVEAVKVVITEYCCYGDDLAARNILLCDFGL
P10721(D816H)	KTLGAGAFGKVVEAVKVVITEYCCYGDDLAARNILLCDFGL
P10721(D816V)	KTLGAGAFGKVVEAVKVVITEYCCYGDDLAARNILLCDFGL
P10721(L576P)	KTLGAGAFGKVVEAVKVVITEYCCYGDDLAARNILLCDFGL
P10721(N822K)	KTLGAGAFGKVVEAVKVVITEYCCYGDDLAARNILLCDFGL
P10721(T670I)	KTLGAGAFGKVVEAVKVVIIEYCCYGDDLAARNILLCDFGL
P10721(V559D)	KTLGAGAFGKVVEAVKVVITEYCCYGDDLAARNILLCDFGL
P10721(V559D,T670I)	KTLGAGAFGKVVEAVKVVIIEYCCYGDDLAARNILLCDFGL
P10721(V559D,V654A)	KTLGAGAFGKVVEAVKAVITEYCCYGDDLAARNILLCDFGL
P10721(V654A)	KTLGAGAFGKVVEAVKAVITEYCCYGDDLAARNILLCDFGL
P11309	PLLGSGGFGSVYSAIKILILEEP-VQDDIKDENILIIDFGS
P11362	KPLGEGCFGQVVLAVKIVIVEYASKGNDLAARNVLVADFGL
P11362(V561M)	KPLGEGCFGQVVLAVKIVIMEYASKGNDLAARNVLVADFGL
P11802	AEIGVGAYGTVYKALKVLVFEHV-DQDDLKPENILVADFGL
P12931	VKLGQGCFGEVWMAIKVIVTEYMSKGSDLRAANILVADFGL
P12931(T341M)	VKLGQGCFGEVWMAIKVIVMEYMSKGSDLRAANILVADFGL
P14616	RELGQGSFGMVYEALKVVIMELMTRGDDLAARNCMVGDFGM
P15056	QRIGSGSFGTVYKAVKLIVTQWCEGSSDLKSNNIFLGDFGL
P15056(V599E)	QRIGSGSFGTVYKAVKLIVTQWCEGSSDLKSNNIFLGDFGL
P15056(V600E)	QRIGSGSFGTVYKAVKLIVTQWCEGSSDLKSNNIFLGDFGL
P15735	DVIGRGVSSVVRRAVKILVFDLMRKGEDLKPENILLSDFGF
P15735(F290L)	DVIGRGVSSVVRRAVKILVFDLMRKGEDLKPENILLSDFGF
P16234	RVLGSGAFGKVVEAVKVIITEYCFYGDDLAARNVLLCDFGL
P16234(D842V)	RVLGSGAFGKVVEAVKVIITEYCFYGDDLAARNVLLCDFGL
P16234(T674I)	RVLGSGAFGKVVEAVKVIIIEYCFYGDDLAARNVLLCDFGL
P16591	ELLGKGNFGEVYKAVKVIIMELVSGGDDLAARNCLVSDFGM
P17252	MVLGKGSFGKVMLAIKTFVMEYVNGGDDLKLDNVMLADFGM
P17612	KTLGTGSFGRVMLAMKVMVMEYVPGGEDLKPENLLITDFGF
P17948	KSLGRGAFGKVVQAVKVVIVEYCKYGNDLAARNILLCDFGL
P19525	ELIGSGGFGQVFKVIKVIQMEFCDKGTDLKPSNIFLGDFGL
P19784	RKLGRGKYSEVFEVVKILVFEYI-NNTDVKPHNVMIIDWGL
P20794	RQLGDGTYGSVLMAIKIFIFEYM-KENDMKPENLLCADFGL
P21127	NRIEEGTYGVVYRALKVIVMNYV-EHDDLKTSNLLLGDFGL
P21709	TVIGEGEFGEVYRAIKLIITEFMENGADLAARNILVSDFGL
P21802	KPLGEGCFGQVVMAVKIVIVEYASKGNDLAARNVLVADFGL
P21802(N549H)	KPLGEGCFGQVVMAVKIVIVEYASKGNDLAARNVLVADFGL
P21860	KVLGSGVFGTVHKPV-VLVTQYLPLGSNLAARNVLLADFGV
P22455	KPLGEGCFGQVVRAVKIVIVECAAKGNDLAARNVLVADFGL
P22607	KPLGEGCFGQVVMAVKIVLVEYAAKGNDLAARNVLVADFGL
P22607(G697C)	KPLGEGCFGQVVMAVKIVLVEYAAKGNDLAARNVLVADFGL
P22607(K650E)	KPLGEGCFGQVVMAVKIVLVEYAAKGNDLAARNVLVADFGL
P22694	KTLGTGSFGRVMLAMKVMVMEYVPGGEDLKPENLLITDFGF
P23443	RVLGKGGYGKVFQAMKVLILEYLSGGEDLKPENIMLTDFGL
P23458(JH1domain-catalytic)	RDLGEGHFGKVELAVKVLIMEFLPSGSDLAARNVLVGDFGL
P23458(JH2domain-pseudokinase)	EHLGRGTRTHIYSILKVMVEEFVEGGPNVCTKNLLLSDPGI
P24723	RVLGKGSFGKVMLAVKTFVMEFVNGGDDLKLDNVLLADFGM
P24941	EKIGEGTYGVVYKALKVLVFEFL-HQDDLKPQNLLIADFGL
P25098	RIIGRGGFGEVYGAMKVFILDLMNGGDDLKPANILLSDLGL
P27037	EVKARGRFGCVWKAVKLLITAFHEKGSDIKSKNVLLADFGL
P27361	QYIGEGAYGMVSSAIKIIVQDLM-ETDDLKPSNLLICDFGL
P27448	KTIGKGNFAKVKLAIKVLIMEYASGGEDLKAENLLLADFGF
P28482	SYIGEGAYGMVCSAIKIIVQDLM-ETDDLKPSNLLLCDFGL
P29317	KVIGAGEFGEVYKAIKIIITEYMENGADLAARNILVSDFGL
P29320	KVVGAGEFGEVCSAIKIIVTEYMENGSDLAARNILISDFGL
P29322	KIIGSGDSGEVCYAIKIIVTEYMENGSDLAARNVLVSDFGL
P29323	QVIGAGEFGEVCSAIKIIITEFMENGSDLAARNILVSDFGL
P29376	RALGHGAFGEVYEIK-VILLELMSGGDDIAARNCLLGDFGM
P29597(JH1domain-catalytic)	RDLGEGHFGKVSLAVKILVMEYVPLGSDLAARNVLLGDFGL
P29597(JH2domain-pseudokinase)	SHLGQGTRTNVYEVLKAMVTEYVEHGPNVCGRNILLSDPGV
P30291	EKIGSGEFGSVFKAIKV---EYCNGGSDIKPSNIFI---SE
P30530	KTLGEGEFGAVMEAVKMVILPFMKHGDDLAARNCMLADFGL
P30530(Q764R)	KTLGEGEFGAVMEAVKMVILPFMKHGDDLAARNCMLADFGL
P31152	QPLGFGVNGLVLSAVKVIVQEYM-ETDDLKPANIFIGDFGL
P31749	KLLGKGTFGKVILAMKTFVMEYANGGEDLKLENLMLTDFGL
P31751	KLLGKGTFGKVILAMKTFVMEYANGGEDIKLENLMLTDFGL
P32298	RVLGKGGFGEVCAACKVLVLTIMNGGDDLKPENILLSDLGL
P33981	KQIGSGGSSKVFQIKYIYMVMECGNIDDLKPANFLIIDFGI
P35590	DLIGEGNFGQVIRAIKIIAIEYAPYGNDLAARNVLVADFGL
P35626	RIIGRGGFGEVYGAMKVFILDLMNGGDDLKPANILLSDLGL
P35916	RVLGYGAFGKVVEAVKVVIVEFCKYGNDLAARNILLCDFGL
P35968	KPLGRGAFGQVIEAVKVVIVEFCKFGNDLAARNILLCDFGL
P36507	SELGAGNGGVVTKARKVICMEHMDGGSDVKPSNILVCDFGV
P36888	KVLGSGAFGKVMNAVKVLIFEYCCYGDDLAARNVLVCDFGL
P36888-autoinhibited	KVLGSGAFGKVMNAVKVLIFEYCCYGDDLAARNVLVCDFGL
P36888(D835H)	KVLGSGAFGKVMNAVKVLIFEYCCYGDDLAARNVLVCDFGL
P36888(D835V)	KVLGSGAFGKVMNAVKVLIFEYCCYGDDLAARNVLVCDFGL
P36888(D835Y)	KVLGSGAFGKVMNAVKVLIFEYCCYGDDLAARNVLVCDFGL
P36888(K663Q)	KVLGSGAFGKVMNAVKVLIFEYCCYGDDLAARNVLVCDFGL
P36888(N841I)	KVLGSGAFGKVMNAVKVLIFEYCCYGDDLAARNVLVCDFGL
P36888(R834Q)	KVLGSGAFGKVMNAVKVLIFEYCCYGDDLAARNVLVCDFGL
P36894	RQVGKGRYGEVWMAVKLLITDYHENGSDLKSKNILIADLGL
P36896	EIIGKGRFGEVWRAVKLLVSDYHEHGSDLKSKNILVADLGL
P36897	ESIGKGRFGEVWRAVKLLVSDYHEHGSDLKSKNILVADLGL
P37023	ECVGKGRYGEVWRAVKLLITHYHEHGSDFKSRNVLVADLGL
P37173	TLVGKGRFAEVYKAVKLLITAFHAKGNDLKSSNILVCDFGL
P41240	QTIGKGEFGDVMLKCIVIVTEYMAKGSDLAARNVLVSDFGL
P41743	RVIGRGSYAKVLLAMKVFVIEYVNGGDDLKLDNVLLTDYGM
P42679	AQIGEGEFGAVLQKNIVIVMEHVSKGNDLAARNILVSDFGL
P42680	RELGSGLFGVVRLAIKVIVTEFMERGCDLAARNCLVSDFGM
P42681	KEIGSGQFGVVHLAIKVIVTEFMENGCDLAARNCLVSDFGM
P42684	HKLGGGQYGEVYVAVKVIVTEYMPYGNDLAARNCLVADFGL
P42685	KRLGSGQFGEVWEAVKIIITELMRHGSDLAARNVLVADFGL
P43403	IELGCGNFGSVRQAIKVLVMEMAGGGPDLAARNVLLSDFGL
P43405	KELGSGNFGTVKKAVKVLVMEMAELGPDLAARNVLLSDFGL
P45983	KPIGSGAQGIVCAAIKIIVMELM-DANDLKPSNIVVLDFGL
P45983(M108A)	KPIGSGAQGIVCAAIKIIVAELM-DANDLKPSNIVVLDFGL
P45983(M108G)	KPIGSGAQGIVCAAIKIIVGELM-DANDLKPSNIVVLDFGL
P45984	KPIGSGAQGIVCAAVKILVMELM-DANDLKPSNIVVLDFGL
P45985	GEIGRGAYGSVNKAVKVICMELMSTS-DIKPSNILLCDFGI
P46734	SELGRGAYGVVEKAVKVICMELMDTS-DVKPSNVLICDFGI
P48729	RKIGSGSFGDIYLAVKPLVMDLL-GPSDIKPDNFLMIDFGL
P48730	RKIGSGSFGDIYLAIKPMVMELL-GPSDVKPDNFLMIDFGL
P49137	QVLGLGINGKVLQALKVIVMECLDGGEDVKPENLLYTDFGF
P49336	CKVGRGTYGHVYKALKILLFDYAEHD-DLKPANILVADMGF
P49674	RKIGSGSFGDIYLAIKPMVMELL-GPSDVKPDNFLMIDFGL
P49759	DTLGEGAFGKVVEAVKVIVFELL-GLSDLKPENILFVDFGS
P49760	STLGEGTFGRVVQALKVISFELL-GLSDLKPENILFVDFGS
P49761	GNLGEGTFGKVVEALKVIAFELL-GKNDLKPENILFADFGS
P49840	KVIGNGSFGVVYQAIKVLVLEYV-PETDIKPQNLLVCDFGS
P49841	KVIGNGSFGVVYQAIKVLVLDYV-PETDIKPQNLLLCDFGS
P50613	DFLGEGQFATVYKAIKILVFDFM-ETDDLKPNNLLLADFGL
P50750	AKIGQGTFGEVFKALKVLVFDFC-EHDDMKAANVLIADFGL
P51451	RKLGSGQFGEVWMAIKVIVTEYMARGCDLRAANILVADFGL
P51451(M278V)	RKLGSGQFGEVWMAIKVIVTEYMARGCDLRAANILVADFGL
P51617	LKIGEGGFGCVYRAVKVLVYGFLPNGSDIKSSNVLLGDFGL
P51812(Kin.Dom.1)	KVLGQGSFGKVFLAMKVLILDFLRGGDDLKPENILLTDFGL
P51812(Kin.Dom.2)	EDIGVGSYSVCKRAVKIVVTELMKGGEDLKPSNILYCDFGF
P51813	KELGSGQFGVVQLAVKVIVTEYISNGCDLAARNCLVSDFGM
P51817	ATVGTGTFGRVHLALKIMLMEYVPGGEDLKPENILLTDFGF
P51955	YTIGTGSYGRCQKVWKVIVMEYCEGGDDLKPANVFLGDFGL
P51956	RMIGEGSFGRALLAMKVIVMEYCDGGDDIKSKNIFLGDFGS
P51957	RVVGKGSYGEVTLVIKVIVMGFCEGGDDLKTQNVFLGDLGI
P52333(JH1domain-catalytic)	SQLGKGNFGSVELAVKVLVMEYLPSGCDLAARNILVADFGL
P52564	MELGRGAYGVVEKAVKVICMELMDTS-DVKPSNVLICDFGI
P52564(S207D,T211D)	MELGRGAYGVVEKAVKVICMELMDTS-DVKPSNVLICDFGI
P52564(S207E,T211E)	MELGRGAYGVVEKAVKVICMELMDTS-DVKPSNVLICDFGI
P53350	RFLGKGGFAKCFEAGKVVVLELCRRRSDLKLGNLFLGDFGL
P53355	EELGSGQFAVVKKAAKILILELVAGGEDLKPENIMLIDFGL
P53667	EVLGKGCFGQAIKVMKLFITEYIKGGTDLNSHNCLVADFGL
P53671	EVLGKGFFGQAIKVMKLLLTEYIEGGTDLNSHNCLIADFGL
P53778	QPVGSGAYGAVCSAIKILVMPFM-GTDDLKPGNLAVLDFGL
P53779	KPIGSGAQGIVCAAIKILVMELM-DANDLKPSNIVVLDFGL
P54646	DTLGVGTFGKVKIAVKIMVMEYVSGGEDLKPENVLLADFGL
P54753	EVIGAGEFGEVCRAIKIILTEFMENCADLAARNILVSDFGL
P54756	RVIGAGEFGEVCSAIKIIVTEYMENGSDLAARNILISDFGL
P54760	EVIGAGEFGEVCRAIKIILTEFMENGADLAARNILVSDFGL
P54762	EVIGAGEFGEVYKAIKIIITEFMENGADLAARNILVSDFGL
P54764	KVIGVGEFGEVCSAIKIIITEYMENGSDLAARNILVSDFGM
P57058	RKLGEGSFAKVREAIKTLVMELCPGGNDLKIENLLLIDFGL
P57059	RTLGKGNFAVVKLAIKIIVTEFAKNGEDLKTENLLLADFGF
P57078	EKVGSGGFGQVYKAIKLLVMEYMETGSDLKPANILLSDFGL
P68400	RKLGRGKYSEVFEVVKILVFEHV-NNTDVKPHNVMIIDWGL
P78362	RKLGWGHFSTVWLAMKVMVFEVL-GHHDIKPENILMADLGN
P78368	KKIGCGNFGELRLAIKPMVLELL-GPSDVKPENFLVIDFGL
P80192	EIIGIGGFGKVYRAVKILVMEFARGGPDLKSSNILITDFGL
Q00526	EKIGEGTYGVVYKALKVLVFEFL-SQDDLKPQNLLIADFGL
Q00532	GKIGEGSYGVVFKAIKVLVFEYC-DHTDVKPENILICDFGF
Q00534	AEIGEGAYGKVFKALKVLVFEHV-DQDDLKPQNILVADFGL
Q00535	EKIGEGTYGTVFKALKVLVFEFC-DQDDLKPQNLLIADFGL
Q00536	DKLGEGTYATVYKALKVLVFEYL-DKDDLKPQNLLIADFGL
Q00537	EKLGEGTYATVYKALKVLVFEYL-DKDDLKPQNLLIADFGL
Q02156	KVLGKGSFGKVMLAVKTFVMEYVNGGDDLKLDNILLADFGM
Q02750	SELGAGNGGVVFKARKVICMEHMDGGSDVKPSNILVCDFGV
Q02763	DVIGEGNFGQVLKAIKILAIEYAPHGNDLAARNILVADFGL
Q02763(Q939H,Q940H)	DVIGEGNFGQVLKAIKILAIEYAPHGNDLAARNILVADFGL
Q02763(R849W)	DVIGEGNFGQVLKAIKILAIEYAPHGNDLAARNILVADFGL
Q02763(Y897S)	DVIGEGNFGQVLKAIKILAIEYAPHGNDLAARNILVADFGL
Q02779	EIIGVGGFGKVYRAVKILVMEYARGGADLKSINILITDFGL
Q04759	KMLGKGSFGKVFLAIKTFVMEYLNGGDDLKLDNILLADFGM
Q04771	ECVGKGRYGEVWRAVKLLITHYHEMGSDLKSKNILVADLGL
Q04912	RVIGKGHFGVVYHAIKLVLLPYMCHGDDLAARNCMLADFGL
Q05397	RCIGEGQFGDVHQAIKVIIMELCTLGEDIAARNVLVGDFGL
Q05655	KVLGKGSFGKVLLAIKTFVMEFLNGGDDLKLDNVLLADFGM
Q06187	KELGTGQFGVVKYAIKVIITEYMANGCDLAARNCLVSDFGL
Q06418	RMLGKGEFGSVREAVKAVILPFMKHGDDLAARNCMLADFGL
Q07002	DKLGEGTYATVFKALKVLVFEYL-DSDDLKPQNLLIADFGL
Q07912	EKLGDGSFGVVRRAVKIMVTELAPLGSDLAARNLLLGDFGL
Q08345	EKLGEGQFGEVHLAVKIMITDYMENGDDLATRNCLVADFGM
Q08881	QEIGSGQFGLVHLAIKVLVFEFMEHGCDLAARNCLVSDFGM
Q09013	KVIGRGAFSEVAVAMKTLVMEYYVGGDDIKPDNILLADFGS
Q12851	QRVGAGTYGDVYKAVKVICMEFCGGGSDIKGANLLLADFGV
Q12852	QWVGSGAQGAVFLAVKIILMEFCAQGQDLKSPNMLISDFGT
Q12866	KILGEGEFGSVMEAVKIVILPFMKYGDDLAARNCMLADFGL
Q13043	EKLGEGSYGSVYKAIKVIVMEYCGAGSDIKAGNILLADFGV
Q13131	DTLGVGTFGKVKVAVKIMVMEYVSGGEDLKPENVLLADFGL
Q13153	EKIGQGASGTVYTAIKVVVMEYLAGGSDIKSDNILLTDFGF
Q13163	DTLGHGNGGTVYKAVKIICTEFMDGGSDVKPSNMLVCDFGV
Q13164	ETIGNGAYGVVSSAIKIVVLDLM-ESDDLKPSNLLVGDFGM
Q13177	EKIGQGASGTVFTAIKVVVMEYLAGGSDIKSDNVLLTDFGF
Q13177(T402E)	EKIGQGASGTVFTAIKVVVMEYLAGGSDIKSDNVLLTDFGF
Q13188	EKLGEGSYGSVFKAIKVIVMEYCGAGSDIKAGNILLADFGV
Q13233	QQIGLGAFSSCYQAVKILFIEWMAGGSDVKGANLLIADFGA
Q13237	ATLGVGGFGRVELAMKVMLLEACLGGEDLKPENLILVDFGF
Q13464	KVIGRGAFGEVQLAMKVMVMEYMPGGDDVKPDNMLLADFGT
Q13470	ELLGSGCFGVVHRAVKLMVMELAPLGSDLATRNLLLADFGL
Q13523	GYTGQGVFSNVVRAVKLLVFEPL-SMNDIKPDNILVCDFGS
Q13546	AELDSGGFGKVSLMKTVLVMEYMEKGNDLKPENILVADLGL
Q13554	EDIGKGAFSVVRRAAKVLVFDLVTGGEDLKPENLLLADFGL
Q13555	EELGKGAFSVVRRAAKVLVFDLVTGGEDLKPENLLLADFGL
Q13557	EELGKGAFSVVRRAAKVLVFDLVTGGEDLKPENLLLADFGL
Q13627	SLIGKGSFGQVVKAIKVLVFEML-SYNDLKPENILLVDFGS
Q13705	EIKARGRFGCVWKAVKLLITAFHDKGSDFKSKNVLLADFGL
Q13873	ELIGRGRYGAVYKAVKALVMEYYPNGSDLNSRNVLVSDFGL
Q13882	RKLGSGYFGEVFEAIKLIITELMAKGSDLAARNILVGDFGL
Q13976	DTLGVGGFGRVELAMKVMLMEACLGGEDLKPENLILVDFGF
Q14004	GIIGEGTYGQVYKALKILVFEYM-DHDDIKCSNILLADFGL
Q14012	DVLGTGAFSEVILAIKVLIMQLVSGGEDLKPENLLYSDFGL
Q14164	DLLGQGATASVYKAVKVLVMEYCSSGSDIKPGNIMRTDFGA
Q14289	RILGEGFFGEVYEAVKVIIMELYPYGEDIAVRNILVGDFGL
Q14680	ETIGTGGFAKVKLAIKCMVLEYCPGGEDLKPENLLFIDFGL
Q15131	NRIGEGTYGIVYRALKVLVMGYC-EQDDLKVSNLLMADFGL
Q15139	EVLGSGQFGIVYGAIKVVVMEKLHGD-DLKPENVLLCDFGF
Q15208	KVIGRGAFGEVRLAMKVLIMEFLPGGDDIKPDNLLLSDFGL
Q15303	KVLGSGAFGTVYKAIKVLVTQLMPHGCDLAARNVLVTDFGL
Q15349(Kin.Dom.1)	KVLGQGSYGKVFLAMKVLILDFLRGGDDLKPENILLTDFGL
Q15349(Kin.Dom.2)	EDIGVGSYSVCKRAVKILVMELMRGGEDLKPSNILYCDFGF
Q15375	RVIGAGEFGEVCSAIKVIVIEFMENGADLAARNILVSDFGL
Q15418(Kin.Dom.1)	KVLGQGSFGKVFLAMKVLILDFLRGGDDLKPENILLTDFGL
Q15418(Kin.Dom.2)	ETIGVGSYSECKRAVKILVTELMRGGEDLKPSNILYCDFGF
Q15569	EKIGAGFFSEVYKVLKLALTEYMNGGTDLTSKNCLVGDFGL
Q15746	ERLGSGKFGQVFRAGKVMVLEIVSGGEDLKPENIMCIDFGL
Q15759	RPVGSGAYGSVCSAVKILVTTLM-GADDLKPSNVAVLDFGL
Q15831	DLLGEGSYGKVKEAVKIMVMEYCVCG-DIKPGNLLLSDLGV
Q15835	RVLGKGGFGEVSAACKVLVMTIMNGGDDLKPENVLLSDLGL
Q16288	RELGEGAFGKVFLAVKVMVFEYMKHGDDLATRNCLVGDFGM
Q16512	AVLGRGHFGKVLLAIKVFVMEYSAGGDDLKLDNLLLADFGL
Q16513	AVLGRGHFGKVLLAIKVFVMEYAAGGDDLKLDNLLLADFGL
Q16539	SPVGSGAYGSVCAAVKILVTHLM-GADDLKPSNLAVLDFGL
Q16539(T106M)	SPVGSGAYGSVCAAVKILVMHLM-GADDLKPSNLAVLDFGL
Q16566	SELGRGATSIVYRALKILVLELVTGGEDLKPENLLYADFGL
Q16584	EVIGIGGFGKVYRAVKILVMEYAAGGPDLKSNNILLTDFGL
Q16620	RELGEGAFGKVFLAVKVMVFEYMKHGDDLATRNCLVGDFGM
Q16659	KPLGCGGNGLVFSAIKVIVQEYM-ETDDLKPANLFIGDFGL
Q16816	EILGRGVSSVVRRAVKILVFDLMKRGEDLKPENILLTDFGF
Q16832	EKLGEGQFGEVHLAVKIMITEYMENGDDLATRNCLVADFGM
Q2M2I8	EVLAEGGFAIVFLALKVILMDFCRGGQDLKVENILLCDFGS
Q32MK0	EVLGGGRFGQVHRAAKILVMEYVDGGEDLKPENILCIDFGL
Q52WX2	RELGKGTYGKVDLALK-FAQEYAPAGDDIKPENVLLADFGM
Q56UN5	EILGKGAYGTVYCAVKVIFMEFVPGGSDIKGNNVMLIDFGC
Q59H18	EIIGSGSFGKVYKAIKIIVTQYISGGSDLNSHNILLADFGE
Q5S007	FLLGDGSFGSVYRKIF-LVMELASKGSDLKPHNVLLADYGI
Q5S007(A2016T)	FLLGDGSFGSVYRKIF-LVMELASKGSDLKPHNVLLTDYGI
Q5S007(G2019S)	FLLGDGSFGSVYRKIF-LVMELASKGSDLKPHNVLLADYSI
Q5S007(I2020T)	FLLGDGSFGSVYRKIF-LVMELASKGSDLKPHNVLLADYGT
Q5VT25	KVIGRGAFGEVAVAMKTLVMDYYVGGDDIKPDNILMADFGS
Q6DT37	KVIGRGAFGEVTVAMKTLVMDYYAGGDDVKPDNVLLADFGS
Q6P2M8	ERLGSGAFSEVVLALKVLAMELVTGGEDLKPENLLYSDFGL
Q6P3R8	KAIGQGAFGKAYLVIKVIVMEYCDGGDDIKAQNIFLGDFGI
Q6PHR2	ERLGSGTYATVYKAIKVLIMEFCAGGDDLKPQNILLADFGF
Q6XUX3	QELGRGQYGVVYLALK-LIMERL----DIKLKNVLLTDLG-
Q6ZN16	VVLGKGTYGIVYAAIKVIFMEQVPGGSDIKGDNVLVSDFGT
Q6ZWH5	DHLGSGAFGCVYKAMKVIVMELIEGAPDLTPNNIMLTDFGL
Q7KZI7	KTIGKGNFAKVKLAVKVLVMEYASGGEDLKAENLLLADFGF
Q7L7X3	REIGHGSFGAVYFAIKILVMEYCLG-SDIKAGNILLADFGS
Q86UE8	HLLGRGGFSEVYKAVKV-VLEYCEGNDDLKPGNILLTDFGL
Q86UX6	RAIGKGSFGKVCIAMKVMVVDLLLGGDDVKPDNILLTDFNI
Q86V86	AVLGSGGFGTVYAAVKILVLEEP-AQDDIKDENLLVIDFGS
Q86Y07	KKIGSGGFGLIYLARHPMVMERL-GIDDIKAANLLLADYGL
Q86YV6	EILGGGRFGQVHKAAKILVMEYVDGGEDLKPENILCIDFGL
Q86Z02	EFLGRGTFGQVAKAIKDLVFEMLEQ-NDLKPENIMLIDFGS
Q8IU85	ETLGTGAFSEVVLAVKVLVMQLVSGGEDLKPENLLYSDFGL
Q8IVH8	QRIGSGTYGDVYKAIKVICMEFCGGGSDIKGANILLADFGV
Q8IVW4	GKVGEGSYGTVMKAIKVLVFEFI-DHTDIKPENILVCDFGF
Q8IW41	QKLGAGISGPVRVALKVIVMEMMEGGEDLKPENLLFCDFGF
Q8IW41(R291E)	QKLGAGISGPVRVALKVIVMEMMEGGEDLKPENLLFCDFGF
Q8IWQ3	KTLGKGQTGLVKLAIKLLVLEHVSGGEDLKPENLLLADFGM
Q8IYT8	DLVGHGAFAVVFRAIKVLVMEYCNGGDDLKPQNILLADFGF
Q8N4C8	EVVGNGTYGQVYKAIKALVMEFCGAGSDIKGQNVLLVDFGV
Q8N568	KVIGDGNFAVVKEALKILVMELVKGGDDIKPENLLVGDFGL
Q8N5S9	SEIGKGAYGVVRLAMKVLVFDLLRKGPDIKPSNLLLADFGV
Q8N752	RKIGSGSFGDVYLAVKPLVMDLL-GPSDIKPDNFLMIDFGL
Q8NE63	EVLGKGTFGEVAKAIKILVFELL-EQNDLKPENIMLIDFGS
Q8NEV4	ETIGKGTYGKVFKAVKVLVLELCSGGSDVKGNNILLVDFGV
Q8NFD2	RLVASGGFSQVFQAIKVIVMEFMANGSDLKPGNILLSDFGL
Q8NG66	QKLGSGSFGTVYLVLKVIITEYCEGRDDLKSKNVFLGDFGV
Q8TD08	RQLGQGAYGIVWKAIKILVFEFM-DTDDQKPSNVLLCDFGL
Q8TD19	RVLGRGAFGEATLVWKIIELEYCNGGNDIKTLNIFLGDYGL
Q8TDC3	KTLGKGQTGLVKLAIKLLVLEHVSGGEDLKPENLLLADFGM
Q8TDR2	AEIGRGSYGVVYEAVKVFVMEFCEGGDDLKPDNILIADFGL
Q8TDX7	KKIGRGQFSEVYRALKIIVLELADAGDDIKPANVFIGDLGL
Q8TF76	EKIGEGVFGEVFQAIKNIVLEFEFGGIDLHWGNVLLIDYTL
Q8WTQ7	RVLGKGGFGEVCAACKVLVMSLMNGGDDMKPENVLLSDLGL
Q8WU08	RAIGKGSFGKVCIAMKVMVVDLLLGGDDMKPDNILLTDFNI
Q8WXR4	ETIGKGTYGKVYKAVKVLVLELCNGGSDVKGNNILLVDFGV
Q92630	KVIGKGSFGQVVKALKIMTFELL-SMNDLKPENILLIDFGS
Q92772	GLVGEGSYGMVMKAIKVLVFEFV-DHTDIKPENILVCDFGF
Q92918	QRLGGGTYGEVFKALKVICMEFCGAGSDIKGANILIADFGI
Q96BR1	KVIGKGSFGKVLLAVKVFVLDFVNGGEDLKPENILLTDFGL
Q96GD4	RPLGKGKFGNVYLALKLLILEYAPRGEDIKPENLLLADFGW
Q96J92	IEIGRGSFKTVYR---VLVTELMTSGTDLKCDNVFIGDLGL
Q96L34	RTIGKGNFAKVKLAIKVLVMEYASAGEDLKAENLLLADFGF
Q96NX5	EVLGSGAFSEVFLALKVLVMQLVSGGEDLKPENLLYTDFGL
Q96PN8	KTIGEGTYSKVKEAIKILVMELAEGGDDLKCENALLTDFGF
Q96PY6	QKIGEGSFGKAILVIKVIVMDYCEGGDDIKSQNIFLGDFGI
Q96Q40	EKLGEGSYATVYKALKVFVFEYM-HTDDLKPQNLLIADFGL
Q96RG2	SPLGSGAFGFVWTVVKILVMEKGSGLDDIKDENIVIIDFGS
Q96RR4	DEIGKGSYGVVKLAMKVMVFELVNQGPDIKPSNLLVADFGV
Q96SB4	RKLGWGHFSTVWLAMKVMVFEVL-GHHDIKPENILLADLGN
Q99558	LRLGRGSFGEVHRAVKVIFMELLEGGSDVKADNVLLCDFGH
Q99640	SRLGHGSYGEVFKAVKVLQTELCG-PSDVKPANIFLGDFGL
Q99683	VVLGKGTYGIVYAAIKVIFMEQVPGGSDIKGDNVLISDFGT
Q99759	KLLGQGAFGRVYLASKVIFMEYMPGGSDIKGANILRGDFGA
Q9BQI3	AILGKGGYGRVYKAIKVIQMQLCELSLDLKPRNIFLGDFGL
Q9BUB5	ELLGEGAYAKVQGAVKLLVFEKLQGGSDLKPENILCCDFDL
Q9BWU1	CKVGRGTYGHVYKALKILLFDYAEHD-DLKPANILVADMGF
Q9BXA7	INLGEGSYAKVKSAIKIIVMELAVQGDDLKCDNLLLSDFSF
Q9BYP7	IELGRGAFKTVYK---VLVTELMTSGTDLKCDNIFIGDLGL
Q9BYT3	RILGKGSFGIVIEAIKILVMELCEDGEDLKLENIMVTDFGL
Q9BZL6	EVLGSGQFGVVYGAVKVVVMEKLHGD-DLKPENVLLCDFGF
Q9C098	RVIGDGNFAVVKEAMKVLILEYVQGGDDLKPENLLVADFGL
Q9H093	ETLGKGTYGKVKKAIKIIVMEYASRGDDLKLENILLADFGL
Q9H0K1	GTLGKGNFAVVKLAIKILVTEYAKNGEDLKAENLLLADFGF
Q9H1R3	EALGGGKFGAVCTAAKILFMEYIEGGEDLKPENILCIDFGL
Q9H2G2	GELGDGAFGKVYKAAKVILIEFCAGGADLKAGNILFADFGV
Q9H2K8	HEIGHGSFGAVYFAIKILVMEYCLG-SDIKAGNILLADFGS
Q9H2X6	EFLGRGTFGQVVKAIKDLVFEMLEQ-NDLKPENIMLIDFGS
Q9H2X6(I471N)	EFLGRGTFGQVVKAIKDLVFEMLEQ-NDLKPENIMLIDFGS
Q9H3Y6	RKLGEGYFGEVWEAIKIIVTELMRKGNDLAARNVLVADFGL
Q9H422	DFLGRGTFGQVVKAIKVLVFEML-EQNDLKPENIMLIDFGS
Q9H4A3	IEIGRGSFKTVYK---VLVTELMTSGTDLKCDNIFIGDLGL
Q9H4B4	RLLGKGGFARCYEAVKVIFLELCSRKSDLKLGNFFIGDFGL
Q9HAZ1	DTLGEGAFGKVVEAVKVIVFELL-GLSDLKPENILFVDFGS
Q9HBH9	DVLGEGAHARVQTAVKLLVFEKMRGGSDLKPENILCCDFDL
Q9HBY8	KVIGKGNYGKVLLAVKVFVLDYVNGGEDLKPENILLTDFGL
Q9HC98	KKIGRGQFSEVYKALKIIVLELADAGDDIKPANVFIGDLGL
Q9HCP0	KKIGCGNFGELRLAIKPMVLELL-GPSDVKPENFLIIDFGL
Q9NQU5	VKIGEGSTGIVCLAVKVVLMEFLQGGADIKSDSILLSDFGF
Q9NRH2	KTLGRGHFAVVKLAVKVLILELGDGGDDLKPENVVFTDFGF
Q9NRM7	KTLGIGAFGEVCLAMKVFVMDYIPGGDDIKPDNILITDFGL
Q9NRP7	EMIGEGSFGRVYKALKVVVTDYAEGE-DMKPQNILLCDFGF
Q9NSY1	ESLAEGGFSTVFLALKVILMEYCRAGQDLKVENILLCDFGS
Q9NWZ3	NKMGEGGFGVVYKAVKVLVYVYMPNGSDIKSANILLSDFGL
Q9NY57	RAIGKGSFGKVCIAMKVMVVDLLLGGDDIKPDNILLTDFNI
Q9NYL2	ENCGGGSFGSVYREVAIIVTEYASLGSDLKSRNVVICDFGA
Q9NYV4	GIIGEGTYGQVYKALKVLVFEYM-DHDDIKCSNILLADFGL
Q9NYY3	KVLGKGGFAKCYEAAKVILLEYCSRRSDLKLGNFFIGDFGL
Q9P0L2	KTIGKGNFAKVKLAVKVLVMEYASGGEDLKAENLLLADFGF
Q9P1W9	PLLGKGGFGTVFAAIKILVLELP-AQDDIKDENILIIDFGS
Q9P286	IKIGEGSTGIVCIAVKVVVMEFLEGGADIKSDSILLSDFGF
Q9P2K8(Kin.Dom.2,S808G)	QLLGKGAFGAVIKAVKVIQMEYCEKGTDLKPVNIFLGDFGL
Q9UBE8	RPIGYGAFGVVWSALKLVVTELM-QSDDIKPGNLLVCDFGL
Q9UEE5	RELGRGKFAVVRKAAKILVLEYAAGGEDLKPQNILLVDFGL
Q9UEW8	EVIGSGATAVVQAAIKVLVMKLLSGGSDLKAGNILLADFGV
Q9UF33	RVIGAGEFGEVCSAIKIIVVEYMENGSDLAARNILVSDFGL
Q9UHD2	DILGQGATANVFRAIKVLIMEFCPCGSDIKPGNIMRTDFGA
Q9UIK4	EELGSGQFAIVKKAAKILILELVSGGEDLKPENIMLIDFGL
Q9UK32(Kin.Dom.1)	KVLGQGSFGKVFLAMKVLILDFLRGGDDLKPENILLTDFGL
Q9UK32(Kin.Dom.2)	EDIGVGSYSVCKRAVKILVTDLMKGGEDLKPSNILYCDFGF
Q9UKE5	ELVGNGTYGQVYKAIKALVMEFCGAGSDIKGQNVLLVDFGV
Q9UKI8	HLLGRGGFSEVYKAVKV-VLEYCEGNDDLKPGNILLTDFGL
Q9UL54	REIGHGSFGAVYFAIKILVMEYCLG-SDVKAGNILLGDFGS
Q9UM73	RGLGHGAFGEVYEVK-VILLELMAGGDDIAARNCLLGDFGM
Q9UM73(C1156Y)	RGLGHGAFGEVYEVK-VILLELMAGGDDIAARNCLLGDFGM
Q9UM73(L1196M)	RGLGHGAFGEVYEVK-VILMELMAGGDDIAARNCLLGDFGM
Q9UPE1	RKLGWGHFSTVWLALKVMVLEVL-GHQDIKPENILLADLGN
Q9UPZ9	RQLGDGTYGSVLLAIKVFIFEYM-KENDLKPENLLCADFGL
Q9UQ88	NRIEEGTYGVVYRALKVIVMNYV-EHDDLKTSNLLLGDFGL
Q9UQB9	RPLGKGKFGNVYLALKLLILEYAPRGEDIKPENLLLADFGW
Q9UQM7	EELGKGAFSVVRRAAKVLIFDLVTGGEDLKPENLLLADFGL
Q9Y243	KLLGKGTFGKVILAMKTFVMEYVNGGEDLKLENLMLTDFGL
Q9Y2H1	KVIGRGAFGEVRLAMKVLIMEFLPGGDDIKPDNLLLSDFGL
Q9Y2H9	KLISNGAYGAVYLAMKVMVMEYVEGGDDLKPDNLLITDFGL
Q9Y2K2	RTIGKGNFAVVKRAIKILVTEYASGGEDLKAENLLLADFGF
Q9Y2U5	KLLGQGAFGRVYLAVKVIFMEYMPGGSDIKGANILRGDFGA
Q9Y3S1	IELGRGSFKTVYK---VLVTELMTSGTDLKCDNIFIGDLGL
Q9Y463	SLIGKGSFGQVVKAIKVLVFELL-SYNDLKPENILLVDFGS
Q9Y4K4	QRVGSGTYGDVYKAVKVICMEYCGGGSDIKGANILLADFGV
Q9Y572	ELVGKGGFGTVFRAVKLLVTKFMENGSDLKPSNVLLADFGL
Q9Y5S2	KVIGRGAFGEVAVAMKTLVMDYYVGGDDIKPDNVLLADFGS
Q9Y616	FLIGEGEIFEVYRAVKLLIYPYMRNGTSISSANILLTDFAM
Q9Y6E0	EKIGKGSFGEVFKAIKTIIMEYLGGGSDIKAANVLLADFGV
Q9Y6M4	KKIGCGNFGELRLAIKPMVLELL-GPSDVKPENFLIIDFGL
Q9Y6M4(K91E,R174G,E302D)	KKIGCGNFGELRLAIKPMVLELL-GPSDVKPENFLIIDFGL
Q9Y6R4	NKIGEGQYGKVYTAMKVIFMEYCDEGTDIKGANIFLGDFGC
