ABL1	P00519	ABL1_HUMAN	reviewed	Tyrosine-protein kinase ABL1 (EC 2.7.10.2) (Abelson murine leukemia viral oncogene homolog 1) (Abelson tyrosine-protein kinase 1) (Proto-oncogene c-Abl) (p150)	ABL1 ABL JTK7	Homo sapiens (Human)	1130
ABL2	P42684	ABL2_HUMAN	reviewed	Tyrosine-protein kinase ABL2 (EC 2.7.10.2) (Abelson murine leukemia viral oncogene homolog 2) (Abelson tyrosine-protein kinase 2) (Abelson-related gene protein) (Tyrosine-protein kinase ARG)	ABL2 ABLL ARG	Homo sapiens (Human)	1182
AKT1	P31749	AKT1_HUMAN	reviewed	RAC-alpha serine/threonine-protein kinase (EC 2.7.11.1) (Protein kinase B) (PKB) (Protein kinase B alpha) (PKB alpha) (Proto-oncogene c-Akt) (RAC-PK-alpha)	AKT1 PKB RAC	Homo sapiens (Human)	480
AKT2	P31751	AKT2_HUMAN	reviewed	RAC-beta serine/threonine-protein kinase (EC 2.7.11.1) (Protein kinase Akt-2) (Protein kinase B beta) (PKB beta) (RAC-PK-beta)	AKT2	Homo sapiens (Human)	481
AKT3	Q9Y243	AKT3_HUMAN	reviewed	RAC-gamma serine/threonine-protein kinase (EC 2.7.11.1) (Protein kinase Akt-3) (Protein kinase B gamma) (PKB gamma) (RAC-PK-gamma) (STK-2)	AKT3 PKBG	Homo sapiens (Human)	479
ALK	Q9UM73	ALK_HUMAN	reviewed	ALK tyrosine kinase receptor (EC 2.7.10.1) (Anaplastic lymphoma kinase) (CD antigen CD246)	ALK	Homo sapiens (Human)	1620
ALK1	P37023	ACVL1_HUMAN	reviewed	Serine/threonine-protein kinase receptor R3 (SKR3) (EC 2.7.11.30) (Activin receptor-like kinase 1) (ALK-1) (TGF-B superfamily receptor type I) (TSR-I)	ACVRL1 ACVRLK1 ALK1	Homo sapiens (Human)	503
ALK4	P36896	ACV1B_HUMAN	reviewed	Activin receptor type-1B (EC 2.7.11.30) (Activin receptor type IB) (ACTR-IB) (Activin receptor-like kinase 4) (ALK-4) (Serine/threonine-protein kinase receptor R2) (SKR2)	ACVR1B ACVRLK4 ALK4	Homo sapiens (Human)	505
ATM	Q13315	ATM_HUMAN	reviewed	Serine-protein kinase ATM (EC 2.7.11.1) (Ataxia telangiectasia mutated) (A-T mutated)	ATM	Homo sapiens (Human)	3056
ATR	Q13535	ATR_HUMAN	reviewed	Serine/threonine-protein kinase ATR (EC 2.7.11.1) (Ataxia telangiectasia and Rad3-related protein) (FRAP-related protein 1)	ATR FRP1	Homo sapiens (Human)	2644
AurA	O14965	AURKA_HUMAN	reviewed	Aurora kinase A (EC 2.7.11.1) (Aurora 2) (Aurora/IPL1-related kinase 1) (ARK-1) (Aurora-related kinase 1) (hARK1) (Breast tumor-amplified kinase) (Serine/threonine-protein kinase 15) (Serine/threonine-protein kinase 6) (Serine/threonine-protein kinase aurora-A)	AURKA AIK AIRK1 ARK1 AURA AYK1 BTAK IAK1 STK15 STK6	Homo sapiens (Human)	403
AXL	P30530	UFO_HUMAN	reviewed	Tyrosine-protein kinase receptor UFO (EC 2.7.10.1) (AXL oncogene)	AXL UFO	Homo sapiens (Human)	894
BARK1	P25098	ARBK1_HUMAN	reviewed	Beta-adrenergic receptor kinase 1 (Beta-ARK-1) (EC 2.7.11.15) (G-protein coupled receptor kinase 2)	GRK2 ADRBK1 BARK BARK1	Homo sapiens (Human)	689
BARK2	P35626	ARBK2_HUMAN	reviewed	Beta-adrenergic receptor kinase 2 (Beta-ARK-2) (EC 2.7.11.15) (G-protein-coupled receptor kinase 3)	GRK3 ADRBK2 BARK2	Homo sapiens (Human)	688
BLK	P51451	BLK_HUMAN	reviewed	Tyrosine-protein kinase Blk (EC 2.7.10.2) (B lymphocyte kinase) (p55-Blk)	BLK	Homo sapiens (Human)	505
BMPR1A	P36894	BMR1A_HUMAN	reviewed	Bone morphogenetic protein receptor type-1A (BMP type-1A receptor) (BMPR-1A) (EC 2.7.11.30) (Activin receptor-like kinase 3) (ALK-3) (Serine/threonine-protein kinase receptor R5) (SKR5) (CD antigen CD292)	BMPR1A ACVRLK3 ALK3	Homo sapiens (Human)	532
BMPR1B	O00238	BMR1B_HUMAN	reviewed	Bone morphogenetic protein receptor type-1B (BMP type-1B receptor) (BMPR-1B) (EC 2.7.11.30) (CD antigen CDw293)	BMPR1B	Homo sapiens (Human)	502
BMPR2	Q13873	BMPR2_HUMAN	reviewed	Bone morphogenetic protein receptor type-2 (BMP type-2 receptor) (BMPR-2) (EC 2.7.11.30) (Bone morphogenetic protein receptor type II) (BMP type II receptor) (BMPR-II)	BMPR2 PPH1	Homo sapiens (Human)	1038
BMX	P51813	BMX_HUMAN	reviewed	Cytoplasmic tyrosine-protein kinase BMX (EC 2.7.10.2) (Bone marrow tyrosine kinase gene in chromosome X protein) (Epithelial and endothelial tyrosine kinase) (ETK) (NTK38)	BMX	Homo sapiens (Human)	675
BRAF	P15056	BRAF_HUMAN	reviewed	Serine/threonine-protein kinase B-raf (EC 2.7.11.1) (Proto-oncogene B-Raf) (p94) (v-Raf murine sarcoma viral oncogene homolog B1)	BRAF BRAF1 RAFB1	Homo sapiens (Human)	766
BRD2	P25440	BRD2_HUMAN	reviewed	Bromodomain-containing protein 2 (O27.1.1) (Really interesting new gene 3 protein)	BRD2 KIAA9001 RING3	Homo sapiens (Human)	801
BRD3	Q15059	BRD3_HUMAN	reviewed	Bromodomain-containing protein 3 (RING3-like protein)	BRD3 KIAA0043 RING3L	Homo sapiens (Human)	726
BRD4	O60885	BRD4_HUMAN	reviewed	Bromodomain-containing protein 4 (Protein HUNK1)	BRD4 HUNK1	Homo sapiens (Human)	1362
BRK	Q13882	PTK6_HUMAN	reviewed	Protein-tyrosine kinase 6 (EC 2.7.10.2) (Breast tumor kinase) (Tyrosine-protein kinase BRK)	PTK6 BRK	Homo sapiens (Human)	451
BRSK1	Q8TDC3	BRSK1_HUMAN	reviewed	Serine/threonine-protein kinase BRSK1 (EC 2.7.11.1) (Brain-selective kinase 1) (EC 2.7.11.26) (Brain-specific serine/threonine-protein kinase 1) (BR serine/threonine-protein kinase 1) (Serine/threonine-protein kinase SAD-B) (Synapses of Amphids Defective homolog 1) (SAD1 homolog) (hSAD1)	BRSK1 KIAA1811 SAD1 SADB	Homo sapiens (Human)	778
BRSK2	Q8IWQ3	BRSK2_HUMAN	reviewed	Serine/threonine-protein kinase BRSK2 (EC 2.7.11.1) (Brain-selective kinase 2) (EC 2.7.11.26) (Brain-specific serine/threonine-protein kinase 2) (BR serine/threonine-protein kinase 2) (Serine/threonine-protein kinase 29) (Serine/threonine-protein kinase SAD-A)	BRSK2 C11orf7 PEN11B SADA STK29 HUSSY-12	Homo sapiens (Human)	736
BTK	Q06187	BTK_HUMAN	reviewed	Tyrosine-protein kinase BTK (EC 2.7.10.2) (Agammaglobulinemia tyrosine kinase) (ATK) (B-cell progenitor kinase) (BPK) (Bruton tyrosine kinase)	BTK AGMX1 ATK BPK	Homo sapiens (Human)	659
BUB1	O43683	BUB1_HUMAN	reviewed	Mitotic checkpoint serine/threonine-protein kinase BUB1 (hBUB1) (EC 2.7.11.1) (BUB1A)	BUB1 BUB1L	Homo sapiens (Human)	1085
CaMK1d	Q8IU85	KCC1D_HUMAN	reviewed	Calcium/calmodulin-dependent protein kinase type 1D (EC 2.7.11.17) (CaM kinase I delta) (CaM kinase ID) (CaM-KI delta) (CaMKI delta) (CaMKID) (CaMKI-like protein kinase) (CKLiK)	CAMK1D CAMKID	Homo sapiens (Human)	385
CaMK2a	Q9UQM7	KCC2A_HUMAN	reviewed	Calcium/calmodulin-dependent protein kinase type II subunit alpha (CaM kinase II subunit alpha) (CaMK-II subunit alpha) (EC 2.7.11.17)	CAMK2A CAMKA KIAA0968	Homo sapiens (Human)	478
CaMK2b	Q13554	KCC2B_HUMAN	reviewed	Calcium/calmodulin-dependent protein kinase type II subunit beta (CaM kinase II subunit beta) (CaMK-II subunit beta) (EC 2.7.11.17)	CAMK2B CAM2 CAMK2 CAMKB	Homo sapiens (Human)	666
CaMK2d	Q13557	KCC2D_HUMAN	reviewed	Calcium/calmodulin-dependent protein kinase type II subunit delta (CaM kinase II subunit delta) (CaMK-II subunit delta) (EC 2.7.11.17)	CAMK2D CAMKD	Homo sapiens (Human)	499
CaMK2g	Q13555	KCC2G_HUMAN	reviewed	Calcium/calmodulin-dependent protein kinase type II subunit gamma (CaM kinase II subunit gamma) (CaMK-II subunit gamma) (EC 2.7.11.17)	CAMK2G CAMK CAMK-II CAMKG	Homo sapiens (Human)	558
CaMK4	Q16566	KCC4_HUMAN	reviewed	Calcium/calmodulin-dependent protein kinase type IV (CaMK IV) (EC 2.7.11.17) (CaM kinase-GR)	CAMK4 CAMK CAMK-GR CAMKIV	Homo sapiens (Human)	473
CaMKK1	Q8N5S9	KKCC1_HUMAN	reviewed	Calcium/calmodulin-dependent protein kinase kinase 1 (CaM-KK 1) (CaM-kinase kinase 1) (CaMKK 1) (EC 2.7.11.17) (CaM-kinase IV kinase) (Calcium/calmodulin-dependent protein kinase kinase alpha) (CaM-KK alpha) (CaM-kinase kinase alpha) (CaMKK alpha)	CAMKK1 CAMKKA	Homo sapiens (Human)	505
CaMKK2	Q96RR4	KKCC2_HUMAN	reviewed	Calcium/calmodulin-dependent protein kinase kinase 2 (CaM-KK 2) (CaM-kinase kinase 2) (CaMKK 2) (EC 2.7.11.17) (Calcium/calmodulin-dependent protein kinase kinase beta) (CaM-KK beta) (CaM-kinase kinase beta) (CaMKK beta)	CAMKK2 CAMKKB KIAA0787	Homo sapiens (Human)	588
CDC2	P06493	CDK1_HUMAN	reviewed	Cyclin-dependent kinase 1 (CDK1) (EC 2.7.11.22) (EC 2.7.11.23) (Cell division control protein 2 homolog) (Cell division protein kinase 1) (p34 protein kinase)	CDK1 CDC2 CDC28A CDKN1 P34CDC2	Homo sapiens (Human)	297
CDC7	O00311	CDC7_HUMAN	reviewed	Cell division cycle 7-related protein kinase (CDC7-related kinase) (HsCdc7) (huCdc7) (EC 2.7.11.1)	CDC7 CDC7L1	Homo sapiens (Human)	574
CDK11B	P21127	CD11B_HUMAN	reviewed	Cyclin-dependent kinase 11B (EC 2.7.11.22) (Cell division cycle 2-like protein kinase 1) (CLK-1) (Cell division protein kinase 11B) (Galactosyltransferase-associated protein kinase p58/GTA) (PITSLRE serine/threonine-protein kinase CDC2L1) (p58 CLK-1)	CDK11B CDC2L1 PITSLREA PK58	Homo sapiens (Human)	795
CDK11	Q9BWU1	CDK19_HUMAN	reviewed	Cyclin-dependent kinase 19 (EC 2.7.11.22) (CDC2-related protein kinase 6) (Cell division cycle 2-like protein kinase 6) (Cell division protein kinase 19) (Cyclin-dependent kinase 11) (Death-preventing kinase)	CDK19 CDC2L6 KIAA1028	Homo sapiens (Human)	502
CDK2	P24941	CDK2_HUMAN	reviewed	Cyclin-dependent kinase 2 (EC 2.7.11.22) (Cell division protein kinase 2) (p33 protein kinase)	CDK2 CDKN2	Homo sapiens (Human)	298
CDK3	Q00526	CDK3_HUMAN	reviewed	Cyclin-dependent kinase 3 (EC 2.7.11.22) (Cell division protein kinase 3)	CDK3 CDKN3	Homo sapiens (Human)	305
CDK4	P11802	CDK4_HUMAN	reviewed	Cyclin-dependent kinase 4 (EC 2.7.11.22) (Cell division protein kinase 4) (PSK-J3)	CDK4	Homo sapiens (Human)	303
CDK5	Q00535	CDK5_HUMAN	reviewed	Cyclin-dependent-like kinase 5 (EC 2.7.11.1) (Cell division protein kinase 5) (Serine/threonine-protein kinase PSSALRE) (Tau protein kinase II catalytic subunit) (TPKII catalytic subunit)	CDK5 CDKN5	Homo sapiens (Human)	292
CDK6	Q00534	CDK6_HUMAN	reviewed	Cyclin-dependent kinase 6 (EC 2.7.11.22) (Cell division protein kinase 6) (Serine/threonine-protein kinase PLSTIRE)	CDK6 CDKN6	Homo sapiens (Human)	326
CDK7	P50613	CDK7_HUMAN	reviewed	Cyclin-dependent kinase 7 (EC 2.7.11.22) (EC 2.7.11.23) (39 kDa protein kinase) (p39 Mo15) (CDK-activating kinase 1) (Cell division protein kinase 7) (Serine/threonine-protein kinase 1) (TFIIH basal transcription factor complex kinase subunit)	CDK7 CAK CAK1 CDKN7 MO15 STK1	Homo sapiens (Human)	346
CDK8	P49336	CDK8_HUMAN	reviewed	Cyclin-dependent kinase 8 (EC 2.7.11.22) (EC 2.7.11.23) (Cell division protein kinase 8) (Mediator complex subunit CDK8) (Mediator of RNA polymerase II transcription subunit CDK8) (Protein kinase K35)	CDK8	Homo sapiens (Human)	464
CDK9	P50750	CDK9_HUMAN	reviewed	Cyclin-dependent kinase 9 (EC 2.7.11.22) (EC 2.7.11.23) (C-2K) (Cell division cycle 2-like protein kinase 4) (Cell division protein kinase 9) (Serine/threonine-protein kinase PITALRE) (Tat-associated kinase complex catalytic subunit)	CDK9 CDC2L4 TAK	Homo sapiens (Human)	372
CDKL1	Q00532	CDKL1_HUMAN	reviewed	Cyclin-dependent kinase-like 1 (EC 2.7.11.22) (Protein kinase p42 KKIALRE) (Serine/threonine-protein kinase KKIALRE)	CDKL1	Homo sapiens (Human)	358
CHK1	O14757	CHK1_HUMAN	reviewed	Serine/threonine-protein kinase Chk1 (EC 2.7.11.1) (CHK1 checkpoint homolog) (Cell cycle checkpoint kinase) (Checkpoint kinase-1)	CHEK1 CHK1	Homo sapiens (Human)	476
CHK2	O96017	CHK2_HUMAN	reviewed	Serine/threonine-protein kinase Chk2 (EC 2.7.11.1) (CHK2 checkpoint homolog) (Cds1 homolog) (Hucds1) (hCds1) (Checkpoint kinase 2)	CHEK2 CDS1 CHK2 RAD53	Homo sapiens (Human)	543
CK1g2	P78368	KC1G2_HUMAN	reviewed	Casein kinase I isoform gamma-2 (CKI-gamma 2) (EC 2.7.11.1)	CSNK1G2 CK1G2	Homo sapiens (Human)	415
CK2a1	P68400	CSK21_HUMAN	reviewed	Casein kinase II subunit alpha (CK II alpha) (EC 2.7.11.1)	CSNK2A1 CK2A1	Homo sapiens (Human)	391
CK2a2	P19784	CSK22_HUMAN	reviewed	Casein kinase II subunit alpha' (CK II alpha') (EC 2.7.11.1)	CSNK2A2 CK2A2	Homo sapiens (Human)	350
CLK1	P49759	CLK1_HUMAN	reviewed	Dual specificity protein kinase CLK1 (EC 2.7.12.1) (CDC-like kinase 1)	CLK1 CLK	Homo sapiens (Human)	484
CLK2	P49760	CLK2_HUMAN	reviewed	Dual specificity protein kinase CLK2 (EC 2.7.12.1) (CDC-like kinase 2)	CLK2	Homo sapiens (Human)	499
CLK3	P49761	CLK3_HUMAN	reviewed	Dual specificity protein kinase CLK3 (EC 2.7.12.1) (CDC-like kinase 3)	CLK3	Homo sapiens (Human)	638
CLK4	Q9HAZ1	CLK4_HUMAN	reviewed	Dual specificity protein kinase CLK4 (EC 2.7.12.1) (CDC-like kinase 4)	CLK4	Homo sapiens (Human)	481
COT	P41279	M3K8_HUMAN	reviewed	Mitogen-activated protein kinase kinase kinase 8 (EC 2.7.11.25) (Cancer Osaka thyroid oncogene) (Proto-oncogene c-Cot) (Serine/threonine-protein kinase cot) (Tumor progression locus 2) (TPL-2)	MAP3K8 COT ESTF	Homo sapiens (Human)	467
CSK	P41240	CSK_HUMAN	reviewed	Tyrosine-protein kinase CSK (EC 2.7.10.2) (C-Src kinase) (Protein-tyrosine kinase CYL)	CSK	Homo sapiens (Human)	450
CTK	P42679	MATK_HUMAN	reviewed	Megakaryocyte-associated tyrosine-protein kinase (EC 2.7.10.2) (CSK homologous kinase) (CHK) (Hematopoietic consensus tyrosine-lacking kinase) (Protein kinase HYL) (Tyrosine-protein kinase CTK)	MATK CTK HYL	Homo sapiens (Human)	507
DAPK1	P53355	DAPK1_HUMAN	reviewed	Death-associated protein kinase 1 (DAP kinase 1) (EC 2.7.11.1)	DAPK1 DAPK	Homo sapiens (Human)	1430
DAPK3	O43293	DAPK3_HUMAN	reviewed	Death-associated protein kinase 3 (DAP kinase 3) (EC 2.7.11.1) (DAP-like kinase) (Dlk) (MYPT1 kinase) (Zipper-interacting protein kinase) (ZIP-kinase)	DAPK3 ZIPK	Homo sapiens (Human)	454
DCAMKL1	O15075	DCLK1_HUMAN	reviewed	Serine/threonine-protein kinase DCLK1 (EC 2.7.11.1) (Doublecortin domain-containing protein 3A) (Doublecortin-like and CAM kinase-like 1) (Doublecortin-like kinase 1)	DCLK1 DCAMKL1 DCDC3A KIAA0369	Homo sapiens (Human)	740
DCAMKL2	Q8N568	DCLK2_HUMAN	reviewed	Serine/threonine-protein kinase DCLK2 (EC 2.7.11.1) (CaMK-like CREB regulatory kinase 2) (CL2) (CLICK-II) (CLICK2) (Doublecortin domain-containing protein 3B) (Doublecortin-like and CAM kinase-like 2) (Doublecortin-like kinase 2)	DCLK2 DCAMKL2 DCDC3B DCK2	Homo sapiens (Human)	766
DDR1	Q08345	DDR1_HUMAN	reviewed	Epithelial discoidin domain-containing receptor 1 (Epithelial discoidin domain receptor 1) (EC 2.7.10.1) (CD167 antigen-like family member A) (Cell adhesion kinase) (Discoidin receptor tyrosine kinase) (HGK2) (Mammary carcinoma kinase 10) (MCK-10) (Protein-tyrosine kinase 3A) (Protein-tyrosine kinase RTK-6) (TRK E) (Tyrosine kinase DDR) (Tyrosine-protein kinase CAK) (CD antigen CD167a)	DDR1 CAK EDDR1 NEP NTRK4 PTK3A RTK6 TRKE	Homo sapiens (Human)	913
DDR2	Q16832	DDR2_HUMAN	reviewed	Discoidin domain-containing receptor 2 (Discoidin domain receptor 2) (EC 2.7.10.1) (CD167 antigen-like family member B) (Discoidin domain-containing receptor tyrosine kinase 2) (Neurotrophic tyrosine kinase, receptor-related 3) (Receptor protein-tyrosine kinase TKT) (Tyrosine-protein kinase TYRO10) (CD antigen CD167b)	DDR2 NTRKR3 TKT TYRO10	Homo sapiens (Human)	855
DLK	P80370	DLK1_HUMAN	reviewed	Protein delta homolog 1 (DLK-1) (pG2) [Cleaved into: Fetal antigen 1 (FA1)]	DLK1 DLK	Homo sapiens (Human)	383
DRAK1	Q9UEE5	ST17A_HUMAN	reviewed	Serine/threonine-protein kinase 17A (EC 2.7.11.1) (DAP kinase-related apoptosis-inducing protein kinase 1)	STK17A DRAK1	Homo sapiens (Human)	414
DRAK2	O94768	ST17B_HUMAN	reviewed	Serine/threonine-protein kinase 17B (EC 2.7.11.1) (DAP kinase-related apoptosis-inducing protein kinase 2)	STK17B DRAK2	Homo sapiens (Human)	372
DYRK1A	Q13627	DYR1A_HUMAN	reviewed	Dual specificity tyrosine-phosphorylation-regulated kinase 1A (EC 2.7.12.1) (Dual specificity YAK1-related kinase) (HP86) (Protein kinase minibrain homolog) (MNBH) (hMNB)	DYRK1A DYRK MNB MNBH	Homo sapiens (Human)	763
DYRK1B	Q9Y463	DYR1B_HUMAN	reviewed	Dual specificity tyrosine-phosphorylation-regulated kinase 1B (EC 2.7.12.1) (Minibrain-related kinase) (Mirk protein kinase)	DYRK1B MIRK	Homo sapiens (Human)	629
DYRK2	Q92630	DYRK2_HUMAN	reviewed	Dual specificity tyrosine-phosphorylation-regulated kinase 2 (EC 2.7.12.1)	DYRK2	Homo sapiens (Human)	601
DYRK3	O43781	DYRK3_HUMAN	reviewed	Dual specificity tyrosine-phosphorylation-regulated kinase 3 (EC 2.7.12.1) (Regulatory erythroid kinase) (REDK)	DYRK3	Homo sapiens (Human)	588
DYRK4	Q9NR20	DYRK4_HUMAN	reviewed	Dual specificity tyrosine-phosphorylation-regulated kinase 4 (EC 2.7.12.1)	DYRK4	Homo sapiens (Human)	520
eEF2K	O00418	EF2K_HUMAN	reviewed	Eukaryotic elongation factor 2 kinase (eEF-2 kinase) (eEF-2K) (EC 2.7.11.20) (Calcium/calmodulin-dependent eukaryotic elongation factor 2 kinase)	EEF2K	Homo sapiens (Human)	725
EGFR	P00533	EGFR_HUMAN	reviewed	Epidermal growth factor receptor (EC 2.7.10.1) (Proto-oncogene c-ErbB-1) (Receptor tyrosine-protein kinase erbB-1)	EGFR ERBB ERBB1 HER1	Homo sapiens (Human)	1210
EphA1	P21709	EPHA1_HUMAN	reviewed	Ephrin type-A receptor 1 (hEpha1) (EC 2.7.10.1) (EPH tyrosine kinase) (EPH tyrosine kinase 1) (Erythropoietin-producing hepatoma receptor) (Tyrosine-protein kinase receptor EPH)	EPHA1 EPH EPHT EPHT1	Homo sapiens (Human)	976
EphA2	P29317	EPHA2_HUMAN	reviewed	Ephrin type-A receptor 2 (EC 2.7.10.1) (Epithelial cell kinase) (Tyrosine-protein kinase receptor ECK)	EPHA2 ECK	Homo sapiens (Human)	976
EphA3	P29320	EPHA3_HUMAN	reviewed	Ephrin type-A receptor 3 (EC 2.7.10.1) (EPH-like kinase 4) (EK4) (hEK4) (HEK) (Human embryo kinase) (Tyrosine-protein kinase TYRO4) (Tyrosine-protein kinase receptor ETK1) (Eph-like tyrosine kinase 1)	EPHA3 ETK ETK1 HEK TYRO4	Homo sapiens (Human)	983
EphA4	P54764	EPHA4_HUMAN	reviewed	Ephrin type-A receptor 4 (EC 2.7.10.1) (EPH-like kinase 8) (EK8) (hEK8) (Tyrosine-protein kinase TYRO1) (Tyrosine-protein kinase receptor SEK)	EPHA4 HEK8 SEK TYRO1	Homo sapiens (Human)	986
EphA5	P54756	EPHA5_HUMAN	reviewed	Ephrin type-A receptor 5 (EC 2.7.10.1) (Brain-specific kinase) (EPH homology kinase 1) (EHK-1) (EPH-like kinase 7) (EK7) (hEK7)	EPHA5 BSK EHK1 HEK7 TYRO4	Homo sapiens (Human)	1037
EphA6	Q9UF33	EPHA6_HUMAN	reviewed	Ephrin type-A receptor 6 (EC 2.7.10.1) (EPH homology kinase 2) (EHK-2) (EPH-like kinase 12) (EK12)	EPHA6 EHK2 HEK12	Homo sapiens (Human)	1036
EphA7	Q15375	EPHA7_HUMAN	reviewed	Ephrin type-A receptor 7 (EC 2.7.10.1) (EPH homology kinase 3) (EHK-3) (EPH-like kinase 11) (EK11) (hEK11)	EPHA7 EHK3 HEK11	Homo sapiens (Human)	998
EphA8	P29322	EPHA8_HUMAN	reviewed	Ephrin type-A receptor 8 (EC 2.7.10.1) (EPH- and ELK-related kinase) (EPH-like kinase 3) (EK3) (hEK3) (Tyrosine-protein kinase receptor EEK)	EPHA8 EEK HEK3 KIAA1459	Homo sapiens (Human)	1005
EphB1	P54762	EPHB1_HUMAN	reviewed	Ephrin type-B receptor 1 (EC 2.7.10.1) (ELK) (EPH tyrosine kinase 2) (EPH-like kinase 6) (EK6) (hEK6) (Neuronally-expressed EPH-related tyrosine kinase) (NET) (Tyrosine-protein kinase receptor EPH-2)	EPHB1 ELK EPHT2 HEK6 NET	Homo sapiens (Human)	984
EphB2	P29323	EPHB2_HUMAN	reviewed	Ephrin type-B receptor 2 (EC 2.7.10.1) (Developmentally-regulated Eph-related tyrosine kinase) (ELK-related tyrosine kinase) (EPH tyrosine kinase 3) (EPH-like kinase 5) (EK5) (hEK5) (Renal carcinoma antigen NY-REN-47) (Tyrosine-protein kinase TYRO5) (Tyrosine-protein kinase receptor EPH-3)	EPHB2 DRT EPHT3 EPTH3 ERK HEK5 TYRO5	Homo sapiens (Human)	1055
EphB3	P54753	EPHB3_HUMAN	reviewed	Ephrin type-B receptor 3 (EC 2.7.10.1) (EPH-like tyrosine kinase 2) (EPH-like kinase 2) (Embryonic kinase 2) (EK2) (hEK2) (Tyrosine-protein kinase TYRO6)	EPHB3 ETK2 HEK2 TYRO6	Homo sapiens (Human)	998
EphB4	P54760	EPHB4_HUMAN	reviewed	Ephrin type-B receptor 4 (EC 2.7.10.1) (Hepatoma transmembrane kinase) (Tyrosine-protein kinase TYRO11)	EPHB4 HTK MYK1 TYRO11	Homo sapiens (Human)	987
ErbB2	P04626	ERBB2_HUMAN	reviewed	Receptor tyrosine-protein kinase erbB-2 (EC 2.7.10.1) (Metastatic lymph node gene 19 protein) (MLN 19) (Proto-oncogene Neu) (Proto-oncogene c-ErbB-2) (Tyrosine kinase-type cell surface receptor HER2) (p185erbB2) (CD antigen CD340)	ERBB2 HER2 MLN19 NEU NGL	Homo sapiens (Human)	1255
ErbB4	Q15303	ERBB4_HUMAN	reviewed	Receptor tyrosine-protein kinase erbB-4 (EC 2.7.10.1) (Proto-oncogene-like protein c-ErbB-4) (Tyrosine kinase-type cell surface receptor HER4) (p180erbB4) [Cleaved into: ERBB4 intracellular domain (4ICD) (E4ICD) (s80HER4)]	ERBB4 HER4	Homo sapiens (Human)	1308
Erk1	P27361	MK03_HUMAN	reviewed	Mitogen-activated protein kinase 3 (MAP kinase 3) (MAPK 3) (EC 2.7.11.24) (ERT2) (Extracellular signal-regulated kinase 1) (ERK-1) (Insulin-stimulated MAP2 kinase) (MAP kinase isoform p44) (p44-MAPK) (Microtubule-associated protein 2 kinase) (p44-ERK1)	MAPK3 ERK1 PRKM3	Homo sapiens (Human)	379
Erk2	P28482	MK01_HUMAN	reviewed	Mitogen-activated protein kinase 1 (MAP kinase 1) (MAPK 1) (EC 2.7.11.24) (ERT1) (Extracellular signal-regulated kinase 2) (ERK-2) (MAP kinase isoform p42) (p42-MAPK) (Mitogen-activated protein kinase 2) (MAP kinase 2) (MAPK 2)	MAPK1 ERK2 PRKM1 PRKM2	Homo sapiens (Human)	360
Erk5	Q13164	MK07_HUMAN	reviewed	Mitogen-activated protein kinase 7 (MAP kinase 7) (MAPK 7) (EC 2.7.11.24) (Big MAP kinase 1) (BMK-1) (Extracellular signal-regulated kinase 5) (ERK-5)	MAPK7 BMK1 ERK5 PRKM7	Homo sapiens (Human)	816
Erk7	Q8TD08	MK15_HUMAN	reviewed	Mitogen-activated protein kinase 15 (MAP kinase 15) (MAPK 15) (EC 2.7.11.24) (Extracellular signal-regulated kinase 7) (ERK-7) (Extracellular signal-regulated kinase 8) (ERK-8)	MAPK15 ERK7 ERK8	Homo sapiens (Human)	544
FAK	Q05397	FAK1_HUMAN	reviewed	Focal adhesion kinase 1 (FADK 1) (EC 2.7.10.2) (Focal adhesion kinase-related nonkinase) (FRNK) (Protein phosphatase 1 regulatory subunit 71) (PPP1R71) (Protein-tyrosine kinase 2) (p125FAK) (pp125FAK)	PTK2 FAK FAK1	Homo sapiens (Human)	1052
FER	P16591	FER_HUMAN	reviewed	Tyrosine-protein kinase Fer (EC 2.7.10.2) (Feline encephalitis virus-related kinase FER) (Fujinami poultry sarcoma/Feline sarcoma-related protein Fer) (Proto-oncogene c-Fer) (Tyrosine kinase 3) (p94-Fer)	FER TYK3	Homo sapiens (Human)	822
FES	P07332	FES_HUMAN	reviewed	Tyrosine-protein kinase Fes/Fps (EC 2.7.10.2) (Feline sarcoma/Fujinami avian sarcoma oncogene homolog) (Proto-oncogene c-Fes) (Proto-oncogene c-Fps) (p93c-fes)	FES FPS	Homo sapiens (Human)	822
FGFR1	P11362	FGFR1_HUMAN	reviewed	Fibroblast growth factor receptor 1 (FGFR-1) (EC 2.7.10.1) (Basic fibroblast growth factor receptor 1) (BFGFR) (bFGF-R-1) (Fms-like tyrosine kinase 2) (FLT-2) (N-sam) (Proto-oncogene c-Fgr) (CD antigen CD331)	FGFR1 BFGFR CEK FGFBR FLG FLT2 HBGFR	Homo sapiens (Human)	822
FGFR2	P21802	FGFR2_HUMAN	reviewed	Fibroblast growth factor receptor 2 (FGFR-2) (EC 2.7.10.1) (K-sam) (KGFR) (Keratinocyte growth factor receptor) (CD antigen CD332)	FGFR2 BEK KGFR KSAM	Homo sapiens (Human)	821
FGFR3	P22607	FGFR3_HUMAN	reviewed	Fibroblast growth factor receptor 3 (FGFR-3) (EC 2.7.10.1) (CD antigen CD333)	FGFR3 JTK4	Homo sapiens (Human)	806
FGFR4	P22455	FGFR4_HUMAN	reviewed	Fibroblast growth factor receptor 4 (FGFR-4) (EC 2.7.10.1) (CD antigen CD334)	FGFR4 JTK2 TKF	Homo sapiens (Human)	802
FGR	P09769	FGR_HUMAN	reviewed	Tyrosine-protein kinase Fgr (EC 2.7.10.2) (Gardner-Rasheed feline sarcoma viral (v-fgr) oncogene homolog) (Proto-oncogene c-Fgr) (p55-Fgr) (p58-Fgr) (p58c-Fgr)	FGR SRC2	Homo sapiens (Human)	529
FLT1	P17948	VGFR1_HUMAN	reviewed	Vascular endothelial growth factor receptor 1 (VEGFR-1) (EC 2.7.10.1) (Fms-like tyrosine kinase 1) (FLT-1) (Tyrosine-protein kinase FRT) (Tyrosine-protein kinase receptor FLT) (FLT) (Vascular permeability factor receptor)	FLT1 FLT FRT VEGFR1	Homo sapiens (Human)	1338
FLT3	P36888	FLT3_HUMAN	reviewed	Receptor-type tyrosine-protein kinase FLT3 (EC 2.7.10.1) (FL cytokine receptor) (Fetal liver kinase-2) (FLK-2) (Fms-like tyrosine kinase 3) (FLT-3) (Stem cell tyrosine kinase 1) (STK-1) (CD antigen CD135)	FLT3 CD135 FLK2 STK1	Homo sapiens (Human)	993
FLT4	P35916	VGFR3_HUMAN	reviewed	Vascular endothelial growth factor receptor 3 (VEGFR-3) (EC 2.7.10.1) (Fms-like tyrosine kinase 4) (FLT-4) (Tyrosine-protein kinase receptor FLT4)	FLT4 VEGFR3	Homo sapiens (Human)	1363
FMS	P07333	CSF1R_HUMAN	reviewed	Macrophage colony-stimulating factor 1 receptor (CSF-1 receptor) (CSF-1-R) (CSF-1R) (M-CSF-R) (EC 2.7.10.1) (Proto-oncogene c-Fms) (CD antigen CD115)	CSF1R FMS	Homo sapiens (Human)	972
FRAP	P42345	MTOR_HUMAN	reviewed	Serine/threonine-protein kinase mTOR (EC 2.7.11.1) (FK506-binding protein 12-rapamycin complex-associated protein 1) (FKBP12-rapamycin complex-associated protein) (Mammalian target of rapamycin) (mTOR) (Mechanistic target of rapamycin) (Rapamycin and FKBP12 target 1) (Rapamycin target protein 1)	MTOR FRAP FRAP1 FRAP2 RAFT1 RAPT1	Homo sapiens (Human)	2549
FRK	P42685	FRK_HUMAN	reviewed	Tyrosine-protein kinase FRK (EC 2.7.10.2) (FYN-related kinase) (Nuclear tyrosine protein kinase RAK) (Protein-tyrosine kinase 5)	FRK PTK5 RAK	Homo sapiens (Human)	505
FYN	P06241	FYN_HUMAN	reviewed	Tyrosine-protein kinase Fyn (EC 2.7.10.2) (Proto-oncogene Syn) (Proto-oncogene c-Fyn) (Src-like kinase) (SLK) (p59-Fyn)	FYN	Homo sapiens (Human)	537
GAK	O14976	GAK_HUMAN	reviewed	Cyclin-G-associated kinase (EC 2.7.11.1)	GAK	Homo sapiens (Human)	1311
GCK	P35557	HXK4_HUMAN	reviewed	Glucokinase (EC 2.7.1.2) (Hexokinase type IV) (HK IV) (Hexokinase-4) (HK4) (Hexokinase-D)	GCK	Homo sapiens (Human)	465
GCN2	Q9P2K8	E2AK4_HUMAN	reviewed	eIF-2-alpha kinase GCN2 (EC 2.7.11.1) (Eukaryotic translation initiation factor 2-alpha kinase 4) (GCN2-like protein)	EIF2AK4 GCN2 KIAA1338	Homo sapiens (Human)	1649
GPRK4	P32298	GRK4_HUMAN	reviewed	G protein-coupled receptor kinase 4 (EC 2.7.11.16) (G protein-coupled receptor kinase GRK4) (ITI1)	GRK4 GPRK2L GPRK4	Homo sapiens (Human)	578
GPRK5	P34947	GRK5_HUMAN	reviewed	G protein-coupled receptor kinase 5 (EC 2.7.11.16) (G protein-coupled receptor kinase GRK5)	GRK5 GPRK5	Homo sapiens (Human)	590
GPRK6	P43250	GRK6_HUMAN	reviewed	G protein-coupled receptor kinase 6 (EC 2.7.11.16) (G protein-coupled receptor kinase GRK6)	GRK6 GPRK6	Homo sapiens (Human)	576
GPRK7	Q8WTQ7	GRK7_HUMAN	reviewed	Rhodopsin kinase (EC 2.7.11.14) (G protein-coupled receptor kinase 7) (G protein-coupled receptor kinase GRK7)	GRK7 GPRK7	Homo sapiens (Human)	553
GSK3A	P49840	GSK3A_HUMAN	reviewed	Glycogen synthase kinase-3 alpha (GSK-3 alpha) (EC 2.7.11.26) (Serine/threonine-protein kinase GSK3A) (EC 2.7.11.1)	GSK3A	Homo sapiens (Human)	483
GSK3B	P49841	GSK3B_HUMAN	reviewed	Glycogen synthase kinase-3 beta (GSK-3 beta) (EC 2.7.11.26) (Serine/threonine-protein kinase GSK3B) (EC 2.7.11.1)	GSK3B	Homo sapiens (Human)	420
Haspin	Q8TF76	HASP_HUMAN	reviewed	Serine/threonine-protein kinase haspin (EC 2.7.11.1) (Germ cell-specific gene 2 protein) (H-haspin) (Haploid germ cell-specific nuclear protein kinase)	HASPIN GSG2	Homo sapiens (Human)	798
HCK	P08631	HCK_HUMAN	reviewed	Tyrosine-protein kinase HCK (EC 2.7.10.2) (Hematopoietic cell kinase) (Hemopoietic cell kinase) (p59-HCK/p60-HCK) (p59Hck) (p61Hck)	HCK	Homo sapiens (Human)	526
HIPK1	Q86Z02	HIPK1_HUMAN	reviewed	Homeodomain-interacting protein kinase 1 (EC 2.7.11.1) (Nuclear body-associated kinase 2)	HIPK1 KIAA0630 MYAK NBAK2	Homo sapiens (Human)	1210
HIPK2	Q9H2X6	HIPK2_HUMAN	reviewed	Homeodomain-interacting protein kinase 2 (hHIPk2) (EC 2.7.11.1)	HIPK2	Homo sapiens (Human)	1198
HIPK3	Q9H422	HIPK3_HUMAN	reviewed	Homeodomain-interacting protein kinase 3 (EC 2.7.11.1) (Androgen receptor-interacting nuclear protein kinase) (ANPK) (Fas-interacting serine/threonine-protein kinase) (FIST) (Homolog of protein kinase YAK1)	HIPK3 DYRK6 FIST3 PKY	Homo sapiens (Human)	1215
HIPK4	Q8NE63	HIPK4_HUMAN	reviewed	Homeodomain-interacting protein kinase 4 (EC 2.7.11.1)	HIPK4	Homo sapiens (Human)	616
HRI	Q9BQI3	E2AK1_HUMAN	reviewed	Eukaryotic translation initiation factor 2-alpha kinase 1 (EC 2.7.11.1) (Heme-controlled repressor) (HCR) (Heme-regulated eukaryotic initiation factor eIF-2-alpha kinase) (Heme-regulated inhibitor) (Hemin-sensitive initiation factor 2-alpha kinase)	EIF2AK1 HRI KIAA1369 PRO1362	Homo sapiens (Human)	630
IGF1R	P08069	IGF1R_HUMAN	reviewed	Insulin-like growth factor 1 receptor (EC 2.7.10.1) (Insulin-like growth factor I receptor) (IGF-I receptor) (CD antigen CD221) [Cleaved into: Insulin-like growth factor 1 receptor alpha chain; Insulin-like growth factor 1 receptor beta chain]	IGF1R	Homo sapiens (Human)	1367
IKKa	O15111	IKKA_HUMAN	reviewed	Inhibitor of nuclear factor kappa-B kinase subunit alpha (I-kappa-B kinase alpha) (IKK-A) (IKK-alpha) (IkBKA) (IkappaB kinase) (EC 2.7.11.10) (Conserved helix-loop-helix ubiquitous kinase) (I-kappa-B kinase 1) (IKK1) (Nuclear factor NF-kappa-B inhibitor kinase alpha) (NFKBIKA) (Transcription factor 16) (TCF-16)	CHUK IKKA TCF16	Homo sapiens (Human)	745
IKKb	O14920	IKKB_HUMAN	reviewed	Inhibitor of nuclear factor kappa-B kinase subunit beta (I-kappa-B-kinase beta) (IKK-B) (IKK-beta) (IkBKB) (EC 2.7.11.10) (I-kappa-B kinase 2) (IKK2) (Nuclear factor NF-kappa-B inhibitor kinase beta) (NFKBIKB)	IKBKB IKKB	Homo sapiens (Human)	756
IKKe	Q14164	IKKE_HUMAN	reviewed	Inhibitor of nuclear factor kappa-B kinase subunit epsilon (I-kappa-B kinase epsilon) (IKK-E) (IKK-epsilon) (IkBKE) (EC 2.7.11.10) (Inducible I kappa-B kinase) (IKK-i)	IKBKE IKKE IKKI KIAA0151	Homo sapiens (Human)	716
INSR	P06213	INSR_HUMAN	reviewed	Insulin receptor (IR) (EC 2.7.10.1) (CD antigen CD220) [Cleaved into: Insulin receptor subunit alpha; Insulin receptor subunit beta]	INSR	Homo sapiens (Human)	1382
IRAK1	P51617	IRAK1_HUMAN	reviewed	Interleukin-1 receptor-associated kinase 1 (IRAK-1) (EC 2.7.11.1)	IRAK1 IRAK	Homo sapiens (Human)	712
IRAK4	Q9NWZ3	IRAK4_HUMAN	reviewed	Interleukin-1 receptor-associated kinase 4 (IRAK-4) (EC 2.7.11.1) (Renal carcinoma antigen NY-REN-64)	IRAK4	Homo sapiens (Human)	460
IRE1	O75460	ERN1_HUMAN	reviewed	Serine/threonine-protein kinase/endoribonuclease IRE1 (Endoplasmic reticulum-to-nucleus signaling 1) (Inositol-requiring protein 1) (hIRE1p) (Ire1-alpha) (IRE1a) [Includes: Serine/threonine-protein kinase (EC 2.7.11.1); Endoribonuclease (EC 3.1.26.-)]	ERN1 IRE1	Homo sapiens (Human)	977
IRR	P14616	INSRR_HUMAN	reviewed	Insulin receptor-related protein (IRR) (EC 2.7.10.1) (IR-related receptor) [Cleaved into: Insulin receptor-related protein alpha chain; Insulin receptor-related protein beta chain]	INSRR IRR	Homo sapiens (Human)	1297
ITK	Q08881	ITK_HUMAN	reviewed	Tyrosine-protein kinase ITK/TSK (EC 2.7.10.2) (Interleukin-2-inducible T-cell kinase) (IL-2-inducible T-cell kinase) (Kinase EMT) (T-cell-specific kinase) (Tyrosine-protein kinase Lyk)	ITK EMT LYK	Homo sapiens (Human)	620
JAK1	P23458	JAK1_HUMAN	reviewed	Tyrosine-protein kinase JAK1 (EC 2.7.10.2) (Janus kinase 1) (JAK-1)	JAK1 JAK1A JAK1B	Homo sapiens (Human)	1154
JAK2	O60674	JAK2_HUMAN	reviewed	Tyrosine-protein kinase JAK2 (EC 2.7.10.2) (Janus kinase 2) (JAK-2)	JAK2	Homo sapiens (Human)	1132
JAK3	P52333	JAK3_HUMAN	reviewed	Tyrosine-protein kinase JAK3 (EC 2.7.10.2) (Janus kinase 3) (JAK-3) (Leukocyte janus kinase) (L-JAK)	JAK3	Homo sapiens (Human)	1124
JNK1	P45983	MK08_HUMAN	reviewed	Mitogen-activated protein kinase 8 (MAP kinase 8) (MAPK 8) (EC 2.7.11.24) (JNK-46) (Stress-activated protein kinase 1c) (SAPK1c) (Stress-activated protein kinase JNK1) (c-Jun N-terminal kinase 1)	MAPK8 JNK1 PRKM8 SAPK1 SAPK1C	Homo sapiens (Human)	427
JNK2	P45984	MK09_HUMAN	reviewed	Mitogen-activated protein kinase 9 (MAP kinase 9) (MAPK 9) (EC 2.7.11.24) (JNK-55) (Stress-activated protein kinase 1a) (SAPK1a) (Stress-activated protein kinase JNK2) (c-Jun N-terminal kinase 2)	MAPK9 JNK2 PRKM9 SAPK1A	Homo sapiens (Human)	424
JNK3	P53779	MK10_HUMAN	reviewed	Mitogen-activated protein kinase 10 (MAP kinase 10) (MAPK 10) (EC 2.7.11.24) (MAP kinase p49 3F12) (Stress-activated protein kinase 1b) (SAPK1b) (Stress-activated protein kinase JNK3) (c-Jun N-terminal kinase 3)	MAPK10 JNK3 JNK3A PRKM10 SAPK1B	Homo sapiens (Human)	464
KDR	P35968	VGFR2_HUMAN	reviewed	Vascular endothelial growth factor receptor 2 (VEGFR-2) (EC 2.7.10.1) (Fetal liver kinase 1) (FLK-1) (Kinase insert domain receptor) (KDR) (Protein-tyrosine kinase receptor flk-1) (CD antigen CD309)	KDR FLK1 VEGFR2	Homo sapiens (Human)	1356
KIT	P10721	KIT_HUMAN	reviewed	Mast/stem cell growth factor receptor Kit (SCFR) (EC 2.7.10.1) (Piebald trait protein) (PBT) (Proto-oncogene c-Kit) (Tyrosine-protein kinase Kit) (p145 c-kit) (v-kit Hardy-Zuckerman 4 feline sarcoma viral oncogene homolog) (CD antigen CD117)	KIT SCFR	Homo sapiens (Human)	976
LCK	P06239	LCK_HUMAN	reviewed	Tyrosine-protein kinase Lck (EC 2.7.10.2) (Leukocyte C-terminal Src kinase) (LSK) (Lymphocyte cell-specific protein-tyrosine kinase) (Protein YT16) (Proto-oncogene Lck) (T cell-specific protein-tyrosine kinase) (p56-LCK)	LCK	Homo sapiens (Human)	509
LIMK1	P53667	LIMK1_HUMAN	reviewed	LIM domain kinase 1 (LIMK-1) (EC 2.7.11.1)	LIMK1 LIMK	Homo sapiens (Human)	647
LIMK2	P53671	LIMK2_HUMAN	reviewed	LIM domain kinase 2 (LIMK-2) (EC 2.7.11.1)	LIMK2	Homo sapiens (Human)	638
LOK	O94804	STK10_HUMAN	reviewed	Serine/threonine-protein kinase 10 (EC 2.7.11.1) (Lymphocyte-oriented kinase)	STK10 LOK	Homo sapiens (Human)	968
LRRK2	Q5S007	LRRK2_HUMAN	reviewed	Leucine-rich repeat serine/threonine-protein kinase 2 (EC 2.7.11.1) (Dardarin)	LRRK2 PARK8	Homo sapiens (Human)	2527
LTK	P29376	LTK_HUMAN	reviewed	Leukocyte tyrosine kinase receptor (EC 2.7.10.1) (Protein tyrosine kinase 1)	LTK TYK1	Homo sapiens (Human)	864
LYN	P07948	LYN_HUMAN	reviewed	Tyrosine-protein kinase Lyn (EC 2.7.10.2) (Lck/Yes-related novel protein tyrosine kinase) (V-yes-1 Yamaguchi sarcoma viral related oncogene homolog) (p53Lyn) (p56Lyn)	LYN JTK8	Homo sapiens (Human)	512
MAP2K1	Q02750	MP2K1_HUMAN	reviewed	Dual specificity mitogen-activated protein kinase kinase 1 (MAP kinase kinase 1) (MAPKK 1) (MKK1) (EC 2.7.12.2) (ERK activator kinase 1) (MAPK/ERK kinase 1) (MEK 1)	MAP2K1 MEK1 PRKMK1	Homo sapiens (Human)	393
MAP2K2	P36507	MP2K2_HUMAN	reviewed	Dual specificity mitogen-activated protein kinase kinase 2 (MAP kinase kinase 2) (MAPKK 2) (EC 2.7.12.2) (ERK activator kinase 2) (MAPK/ERK kinase 2) (MEK 2)	MAP2K2 MEK2 MKK2 PRKMK2	Homo sapiens (Human)	400
MAP2K4	P45985	MP2K4_HUMAN	reviewed	Dual specificity mitogen-activated protein kinase kinase 4 (MAP kinase kinase 4) (MAPKK 4) (EC 2.7.12.2) (JNK-activating kinase 1) (MAPK/ERK kinase 4) (MEK 4) (SAPK/ERK kinase 1) (SEK1) (Stress-activated protein kinase kinase 1) (SAPK kinase 1) (SAPKK-1) (SAPKK1) (c-Jun N-terminal kinase kinase 1) (JNKK)	MAP2K4 JNKK1 MEK4 MKK4 PRKMK4 SEK1 SERK1 SKK1	Homo sapiens (Human)	399
MAP2K5	Q13163	MP2K5_HUMAN	reviewed	Dual specificity mitogen-activated protein kinase kinase 5 (MAP kinase kinase 5) (MAPKK 5) (EC 2.7.12.2) (MAPK/ERK kinase 5) (MEK 5)	MAP2K5 MEK5 MKK5 PRKMK5	Homo sapiens (Human)	448
MAP2K7	O14733	MP2K7_HUMAN	reviewed	Dual specificity mitogen-activated protein kinase kinase 7 (MAP kinase kinase 7) (MAPKK 7) (EC 2.7.12.2) (JNK-activating kinase 2) (MAPK/ERK kinase 7) (MEK 7) (Stress-activated protein kinase kinase 4) (SAPK kinase 4) (SAPKK-4) (SAPKK4) (c-Jun N-terminal kinase kinase 2) (JNK kinase 2) (JNKK 2)	MAP2K7 JNKK2 MEK7 MKK7 PRKMK7 SKK4	Homo sapiens (Human)	419
MAP3K1	Q13233	M3K1_HUMAN	reviewed	Mitogen-activated protein kinase kinase kinase 1 (EC 2.7.11.25) (MAPK/ERK kinase kinase 1) (MEK kinase 1) (MEKK 1)	MAP3K1 MAPKKK1 MEKK MEKK1	Homo sapiens (Human)	1512
MAP3K2	Q9Y2U5	M3K2_HUMAN	reviewed	Mitogen-activated protein kinase kinase kinase 2 (EC 2.7.11.25) (MAPK/ERK kinase kinase 2) (MEK kinase 2) (MEKK 2)	MAP3K2 MAPKKK2 MEKK2	Homo sapiens (Human)	619
MAP3K5	Q99683	M3K5_HUMAN	reviewed	Mitogen-activated protein kinase kinase kinase 5 (EC 2.7.11.25) (Apoptosis signal-regulating kinase 1) (ASK-1) (MAPK/ERK kinase kinase 5) (MEK kinase 5) (MEKK 5)	MAP3K5 ASK1 MAPKKK5 MEKK5	Homo sapiens (Human)	1374
MAP3K6	O95382	M3K6_HUMAN	reviewed	Mitogen-activated protein kinase kinase kinase 6 (EC 2.7.11.25) (Apoptosis signal-regulating kinase 2)	MAP3K6 ASK2 MAPKKK6 MEKK6	Homo sapiens (Human)	1288
MAPKAPK2	P49137	MAPK2_HUMAN	reviewed	MAP kinase-activated protein kinase 2 (MAPK-activated protein kinase 2) (MAPKAP kinase 2) (MAPKAP-K2) (MAPKAPK-2) (MK-2) (MK2) (EC 2.7.11.1)	MAPKAPK2	Homo sapiens (Human)	400
MAPKAPK3	Q16644	MAPK3_HUMAN	reviewed	MAP kinase-activated protein kinase 3 (MAPK-activated protein kinase 3) (MAPKAP kinase 3) (MAPKAP-K3) (MAPKAPK-3) (MK-3) (EC 2.7.11.1) (Chromosome 3p kinase) (3pK)	MAPKAPK3	Homo sapiens (Human)	382
MAPKAPK5	Q8IW41	MAPK5_HUMAN	reviewed	MAP kinase-activated protein kinase 5 (MAPK-activated protein kinase 5) (MAPKAP kinase 5) (MAPKAP-K5) (MAPKAPK-5) (MK-5) (MK5) (EC 2.7.11.1) (p38-regulated/activated protein kinase) (PRAK)	MAPKAPK5 PRAK	Homo sapiens (Human)	473
MARK1	Q9P0L2	MARK1_HUMAN	reviewed	Serine/threonine-protein kinase MARK1 (EC 2.7.11.1) (EC 2.7.11.26) (MAP/microtubule affinity-regulating kinase 1) (PAR1 homolog c) (Par-1c) (Par1c)	MARK1 KIAA1477 MARK	Homo sapiens (Human)	795
MARK2	Q7KZI7	MARK2_HUMAN	reviewed	Serine/threonine-protein kinase MARK2 (EC 2.7.11.1) (EC 2.7.11.26) (ELKL motif kinase 1) (EMK-1) (MAP/microtubule affinity-regulating kinase 2) (PAR1 homolog) (PAR1 homolog b) (Par-1b) (Par1b)	MARK2 EMK1	Homo sapiens (Human)	788
MARK3	P27448	MARK3_HUMAN	reviewed	MAP/microtubule affinity-regulating kinase 3 (EC 2.7.11.1) (C-TAK1) (cTAK1) (Cdc25C-associated protein kinase 1) (ELKL motif kinase 2) (EMK-2) (Protein kinase STK10) (Ser/Thr protein kinase PAR-1) (Par-1a) (Serine/threonine-protein kinase p78)	MARK3 CTAK1 EMK2	Homo sapiens (Human)	753
MARK4	Q96L34	MARK4_HUMAN	reviewed	MAP/microtubule affinity-regulating kinase 4 (EC 2.7.11.1) (MAP/microtubule affinity-regulating kinase-like 1)	MARK4 KIAA1860 MARKL1	Homo sapiens (Human)	752
MAST3	O60307	MAST3_HUMAN	reviewed	Microtubule-associated serine/threonine-protein kinase 3 (EC 2.7.11.1)	MAST3 KIAA0561	Homo sapiens (Human)	1309
MELK	Q14680	MELK_HUMAN	reviewed	Maternal embryonic leucine zipper kinase (hMELK) (EC 2.7.11.1) (Protein kinase Eg3) (pEg3 kinase) (Protein kinase PK38) (hPK38) (Tyrosine-protein kinase MELK) (EC 2.7.10.2)	MELK KIAA0175	Homo sapiens (Human)	651
MER	Q12866	MERTK_HUMAN	reviewed	Tyrosine-protein kinase Mer (EC 2.7.10.1) (Proto-oncogene c-Mer) (Receptor tyrosine kinase MerTK)	MERTK MER	Homo sapiens (Human)	999
MET	P08581	MET_HUMAN	reviewed	Hepatocyte growth factor receptor (HGF receptor) (EC 2.7.10.1) (HGF/SF receptor) (Proto-oncogene c-Met) (Scatter factor receptor) (SF receptor) (Tyrosine-protein kinase Met)	MET	Homo sapiens (Human)	1390
MLK1	P80192	M3K9_HUMAN	reviewed	Mitogen-activated protein kinase kinase kinase 9 (EC 2.7.11.25) (Mixed lineage kinase 1)	MAP3K9 MLK1 PRKE1	Homo sapiens (Human)	1104
MLK2	Q02779	M3K10_HUMAN	reviewed	Mitogen-activated protein kinase kinase kinase 10 (EC 2.7.11.25) (Mixed lineage kinase 2) (Protein kinase MST)	MAP3K10 MLK2 MST	Homo sapiens (Human)	954
MLK3	Q16584	M3K11_HUMAN	reviewed	Mitogen-activated protein kinase kinase kinase 11 (EC 2.7.11.25) (Mixed lineage kinase 3) (Src-homology 3 domain-containing proline-rich kinase)	MAP3K11 MLK3 PTK1 SPRK	Homo sapiens (Human)	847
MNK1	Q9BUB5	MKNK1_HUMAN	reviewed	MAP kinase-interacting serine/threonine-protein kinase 1 (EC 2.7.11.1) (MAP kinase signal-integrating kinase 1) (MAPK signal-integrating kinase 1) (Mnk1)	MKNK1 MNK1	Homo sapiens (Human)	465
GPRK7,MNK2	Q9HBH9	MKNK2_HUMAN	reviewed	MAP kinase-interacting serine/threonine-protein kinase 2 (EC 2.7.11.1) (MAP kinase signal-integrating kinase 2) (MAPK signal-integrating kinase 2) (Mnk2)	MKNK2 GPRK7 MNK2	Homo sapiens (Human)	465
MSK1	O75582	KS6A5_HUMAN	reviewed	Ribosomal protein S6 kinase alpha-5 (S6K-alpha-5) (EC 2.7.11.1) (90 kDa ribosomal protein S6 kinase 5) (Nuclear mitogen- and stress-activated protein kinase 1) (RSK-like protein kinase) (RSKL)	RPS6KA5 MSK1	Homo sapiens (Human)	802
MSK2	O75676	KS6A4_HUMAN	reviewed	Ribosomal protein S6 kinase alpha-4 (S6K-alpha-4) (EC 2.7.11.1) (90 kDa ribosomal protein S6 kinase 4) (Nuclear mitogen- and stress-activated protein kinase 2) (Ribosomal protein kinase B) (RSKB)	RPS6KA4 MSK2	Homo sapiens (Human)	772
MSSK1	Q9UPE1	SRPK3_HUMAN	reviewed	SRSF protein kinase 3 (EC 2.7.11.1) (Muscle-specific serine kinase 1) (MSSK-1) (Serine/arginine-rich protein-specific kinase 3) (SR-protein-specific kinase 3) (Serine/threonine-protein kinase 23)	SRPK3 MSSK1 STK23	Homo sapiens (Human)	567
MST1	Q13043	STK4_HUMAN	reviewed	Serine/threonine-protein kinase 4 (EC 2.7.11.1) (Mammalian STE20-like protein kinase 1) (MST-1) (STE20-like kinase MST1) (Serine/threonine-protein kinase Krs-2) [Cleaved into: Serine/threonine-protein kinase 4 37kDa subunit (MST1/N); Serine/threonine-protein kinase 4 18kDa subunit (MST1/C)]	STK4 KRS2 MST1	Homo sapiens (Human)	487
MST2	Q13188	STK3_HUMAN	reviewed	Serine/threonine-protein kinase 3 (EC 2.7.11.1) (Mammalian STE20-like protein kinase 2) (MST-2) (STE20-like kinase MST2) (Serine/threonine-protein kinase Krs-1) [Cleaved into: Serine/threonine-protein kinase 3 36kDa subunit (MST2/N); Serine/threonine-protein kinase 3 20kDa subunit (MST2/C)]	STK3 KRS1 MST2	Homo sapiens (Human)	491
MST3	Q9Y6E0	STK24_HUMAN	reviewed	Serine/threonine-protein kinase 24 (EC 2.7.11.1) (Mammalian STE20-like protein kinase 3) (MST-3) (STE20-like kinase MST3) [Cleaved into: Serine/threonine-protein kinase 24 36 kDa subunit (Mammalian STE20-like protein kinase 3 N-terminal) (MST3/N); Serine/threonine-protein kinase 24 12 kDa subunit (Mammalian STE20-like protein kinase 3 C-terminal) (MST3/C)]	STK24 MST3 STK3	Homo sapiens (Human)	443
MUSK	O15146	MUSK_HUMAN	reviewed	Muscle, skeletal receptor tyrosine-protein kinase (EC 2.7.10.1) (Muscle-specific tyrosine-protein kinase receptor) (MuSK) (Muscle-specific kinase receptor)	MUSK	Homo sapiens (Human)	869
MYT1	Q99640	PMYT1_HUMAN	reviewed	Membrane-associated tyrosine- and threonine-specific cdc2-inhibitory kinase (EC 2.7.11.1) (Myt1 kinase)	PKMYT1 MYT1	Homo sapiens (Human)	499
NEK1	Q96PY6	NEK1_HUMAN	reviewed	Serine/threonine-protein kinase Nek1 (EC 2.7.11.1) (Never in mitosis A-related kinase 1) (NimA-related protein kinase 1) (Renal carcinoma antigen NY-REN-55)	NEK1 KIAA1901	Homo sapiens (Human)	1258
NEK2	P51955	NEK2_HUMAN	reviewed	Serine/threonine-protein kinase Nek2 (EC 2.7.11.1) (HSPK 21) (Never in mitosis A-related kinase 2) (NimA-related protein kinase 2) (NimA-like protein kinase 1)	NEK2 NEK2A NLK1	Homo sapiens (Human)	445
NEK4	P51957	NEK4_HUMAN	reviewed	Serine/threonine-protein kinase Nek4 (EC 2.7.11.1) (Never in mitosis A-related kinase 4) (NimA-related protein kinase 4) (Serine/threonine-protein kinase 2) (Serine/threonine-protein kinase NRK2)	NEK4 STK2	Homo sapiens (Human)	841
NEK7	Q8TDX7	NEK7_HUMAN	reviewed	Serine/threonine-protein kinase Nek7 (EC 2.7.11.1) (Never in mitosis A-related kinase 7) (NimA-related protein kinase 7)	NEK7	Homo sapiens (Human)	302
NEK9	Q8TD19	NEK9_HUMAN	reviewed	Serine/threonine-protein kinase Nek9 (EC 2.7.11.1) (Nercc1 kinase) (Never in mitosis A-related kinase 9) (NimA-related protein kinase 9) (NimA-related kinase 8) (Nek8)	NEK9 KIAA1995 NEK8 NERCC	Homo sapiens (Human)	979
HGK,NIK	O95819	M4K4_HUMAN	reviewed	Mitogen-activated protein kinase kinase kinase kinase 4 (EC 2.7.11.1) (HPK/GCK-like kinase HGK) (MAPK/ERK kinase kinase kinase 4) (MEK kinase kinase 4) (MEKKK 4) (Nck-interacting kinase)	MAP4K4 HGK KIAA0687 NIK	Homo sapiens (Human)	1239
NIK	Q99558	M3K14_HUMAN	reviewed	Mitogen-activated protein kinase kinase kinase 14 (EC 2.7.11.25) (NF-kappa-beta-inducing kinase) (HsNIK) (Serine/threonine-protein kinase NIK)	MAP3K14 NIK	Homo sapiens (Human)	947
NLK	Q9UBE8	NLK_HUMAN	reviewed	Serine/threonine-protein kinase NLK (EC 2.7.11.24) (Nemo-like kinase) (Protein LAK1)	NLK LAK1	Homo sapiens (Human)	527
NuaK1	O60285	NUAK1_HUMAN	reviewed	NUAK family SNF1-like kinase 1 (EC 2.7.11.1) (AMPK-related protein kinase 5) (ARK5) (Omphalocele kinase 1)	NUAK1 ARK5 KIAA0537 OMPHK1	Homo sapiens (Human)	661
PAK1	Q13153	PAK1_HUMAN	reviewed	Serine/threonine-protein kinase PAK 1 (EC 2.7.11.1) (Alpha-PAK) (p21-activated kinase 1) (PAK-1) (p65-PAK)	PAK1	Homo sapiens (Human)	545
PAK2	Q13177	PAK2_HUMAN	reviewed	Serine/threonine-protein kinase PAK 2 (EC 2.7.11.1) (Gamma-PAK) (PAK65) (S6/H4 kinase) (p21-activated kinase 2) (PAK-2) (p58) [Cleaved into: PAK-2p27 (p27); PAK-2p34 (p34) (C-t-PAK2)]	PAK2	Homo sapiens (Human)	524
PAK3	O75914	PAK3_HUMAN	reviewed	Serine/threonine-protein kinase PAK 3 (EC 2.7.11.1) (Beta-PAK) (Oligophrenin-3) (p21-activated kinase 3) (PAK-3)	PAK3 OPHN3	Homo sapiens (Human)	559
PAK4	O96013	PAK4_HUMAN	reviewed	Serine/threonine-protein kinase PAK 4 (EC 2.7.11.1) (p21-activated kinase 4) (PAK-4)	PAK4 KIAA1142	Homo sapiens (Human)	591
PAK5	Q9P286	PAK5_HUMAN	reviewed	Serine/threonine-protein kinase PAK 5 (EC 2.7.11.1) (p21-activated kinase 5) (PAK-5) (p21-activated kinase 7) (PAK-7)	PAK5 KIAA1264 PAK7	Homo sapiens (Human)	719
PAK5,PAK6	Q9NQU5	PAK6_HUMAN	reviewed	Serine/threonine-protein kinase PAK 6 (EC 2.7.11.1) (PAK-5) (p21-activated kinase 6) (PAK-6)	PAK6 PAK5	Homo sapiens (Human)	681
PASK	Q96RG2	PASK_HUMAN	reviewed	PAS domain-containing serine/threonine-protein kinase (PAS-kinase) (PASKIN) (hPASK) (EC 2.7.11.1)	PASK KIAA0135	Homo sapiens (Human)	1323
PBK	Q96KB5	TOPK_HUMAN	reviewed	Lymphokine-activated killer T-cell-originated protein kinase (EC 2.7.12.2) (Cancer/testis antigen 84) (CT84) (MAPKK-like protein kinase) (Nori-3) (PDZ-binding kinase) (Spermatogenesis-related protein kinase) (SPK) (T-LAK cell-originated protein kinase)	PBK TOPK	Homo sapiens (Human)	322
PDGFRa	P16234	PGFRA_HUMAN	reviewed	Platelet-derived growth factor receptor alpha (PDGF-R-alpha) (PDGFR-alpha) (EC 2.7.10.1) (Alpha platelet-derived growth factor receptor) (Alpha-type platelet-derived growth factor receptor) (CD140 antigen-like family member A) (CD140a antigen) (Platelet-derived growth factor alpha receptor) (Platelet-derived growth factor receptor 2) (PDGFR-2) (CD antigen CD140a)	PDGFRA PDGFR2 RHEPDGFRA	Homo sapiens (Human)	1089
PDGFRb	P09619	PGFRB_HUMAN	reviewed	Platelet-derived growth factor receptor beta (PDGF-R-beta) (PDGFR-beta) (EC 2.7.10.1) (Beta platelet-derived growth factor receptor) (Beta-type platelet-derived growth factor receptor) (CD140 antigen-like family member B) (Platelet-derived growth factor receptor 1) (PDGFR-1) (CD antigen CD140b)	PDGFRB PDGFR PDGFR1	Homo sapiens (Human)	1106
PDK1	O15530	PDPK1_HUMAN	reviewed	3-phosphoinositide-dependent protein kinase 1 (hPDK1) (EC 2.7.11.1)	PDPK1 PDK1	Homo sapiens (Human)	556
PDHK1,PDK1	Q15118	PDK1_HUMAN	reviewed	[Pyruvate dehydrogenase (acetyl-transferring)] kinase isozyme 1, mitochondrial (EC 2.7.11.2) (Pyruvate dehydrogenase kinase isoform 1) (PDH kinase 1)	PDK1 PDHK1	Homo sapiens (Human)	436
PEK	Q9NZJ5	E2AK3_HUMAN	reviewed	Eukaryotic translation initiation factor 2-alpha kinase 3 (EC 2.7.11.1) (PRKR-like endoplasmic reticulum kinase) (Pancreatic eIF2-alpha kinase) (HsPEK)	EIF2AK3 PEK PERK	Homo sapiens (Human)	1116
PHKg1	Q16816	PHKG1_HUMAN	reviewed	Phosphorylase b kinase gamma catalytic chain, skeletal muscle/heart isoform (PHK-gamma-M) (EC 2.7.11.19) (Phosphorylase kinase subunit gamma-1) (Serine/threonine-protein kinase PHKG1) (EC 2.7.11.1) (EC 2.7.11.26)	PHKG1 PHKG	Homo sapiens (Human)	387
PHKg2	P15735	PHKG2_HUMAN	reviewed	Phosphorylase b kinase gamma catalytic chain, liver/testis isoform (PHK-gamma-LT) (PHK-gamma-T) (EC 2.7.11.19) (PSK-C3) (Phosphorylase kinase subunit gamma-2)	PHKG2	Homo sapiens (Human)	406
PIM1	P11309	PIM1_HUMAN	reviewed	Serine/threonine-protein kinase pim-1 (EC 2.7.11.1)	PIM1	Homo sapiens (Human)	404
PIM2	Q9P1W9	PIM2_HUMAN	reviewed	Serine/threonine-protein kinase pim-2 (EC 2.7.11.1) (Pim-2h)	PIM2	Homo sapiens (Human)	311
PIM3	Q86V86	PIM3_HUMAN	reviewed	Serine/threonine-protein kinase pim-3 (EC 2.7.11.1)	PIM3	Homo sapiens (Human)	326
PKACa	P17612	KAPCA_HUMAN	reviewed	cAMP-dependent protein kinase catalytic subunit alpha (PKA C-alpha) (EC 2.7.11.11)	PRKACA PKACA	Homo sapiens (Human)	351
PKCa	P17252	KPCA_HUMAN	reviewed	Protein kinase C alpha type (PKC-A) (PKC-alpha) (EC 2.7.11.13)	PRKCA PKCA PRKACA	Homo sapiens (Human)	672
PKCb	P05771	KPCB_HUMAN	reviewed	Protein kinase C beta type (PKC-B) (PKC-beta) (EC 2.7.11.13)	PRKCB PKCB PRKCB1	Homo sapiens (Human)	671
PKCe	Q02156	KPCE_HUMAN	reviewed	Protein kinase C epsilon type (EC 2.7.11.13) (nPKC-epsilon)	PRKCE PKCE	Homo sapiens (Human)	737
PKCg	P05129	KPCG_HUMAN	reviewed	Protein kinase C gamma type (PKC-gamma) (EC 2.7.11.13)	PRKCG PKCG	Homo sapiens (Human)	697
PKD1	Q15139	KPCD1_HUMAN	reviewed	Serine/threonine-protein kinase D1 (EC 2.7.11.13) (Protein kinase C mu type) (Protein kinase D) (nPKC-D1) (nPKC-mu)	PRKD1 PKD PKD1 PRKCM	Homo sapiens (Human)	912
PKD2	Q9BZL6	KPCD2_HUMAN	reviewed	Serine/threonine-protein kinase D2 (EC 2.7.11.13) (nPKC-D2)	PRKD2 PKD2 HSPC187	Homo sapiens (Human)	878
PAK1,PKN1	Q16512	PKN1_HUMAN	reviewed	Serine/threonine-protein kinase N1 (EC 2.7.11.13) (Protease-activated kinase 1) (PAK-1) (Protein kinase C-like 1) (Protein kinase C-like PKN) (Protein kinase PKN-alpha) (Protein-kinase C-related kinase 1) (Serine-threonine protein kinase N)	PKN1 PAK1 PKN PRK1 PRKCL1	Homo sapiens (Human)	942
PKN2	Q16513	PKN2_HUMAN	reviewed	Serine/threonine-protein kinase N2 (EC 2.7.11.13) (PKN gamma) (Protein kinase C-like 2) (Protein-kinase C-related kinase 2)	PKN2 PRK2 PRKCL2	Homo sapiens (Human)	984
PKR	P19525	E2AK2_HUMAN	reviewed	Interferon-induced, double-stranded RNA-activated protein kinase (EC 2.7.11.1) (Eukaryotic translation initiation factor 2-alpha kinase 2) (eIF-2A protein kinase 2) (Interferon-inducible RNA-dependent protein kinase) (P1/eIF-2A protein kinase) (Protein kinase RNA-activated) (PKR) (Protein kinase R) (Tyrosine-protein kinase EIF2AK2) (EC 2.7.10.2) (p68 kinase)	EIF2AK2 PKR PRKR	Homo sapiens (Human)	551
PLK1	P53350	PLK1_HUMAN	reviewed	Serine/threonine-protein kinase PLK1 (EC 2.7.11.21) (Polo-like kinase 1) (PLK-1) (Serine/threonine-protein kinase 13) (STPK13)	PLK1 PLK	Homo sapiens (Human)	603
PLK2	Q9NYY3	PLK2_HUMAN	reviewed	Serine/threonine-protein kinase PLK2 (EC 2.7.11.21) (Polo-like kinase 2) (PLK-2) (hPlk2) (Serine/threonine-protein kinase SNK) (hSNK) (Serum-inducible kinase)	PLK2 SNK	Homo sapiens (Human)	685
PLK3	Q9H4B4	PLK3_HUMAN	reviewed	Serine/threonine-protein kinase PLK3 (EC 2.7.11.21) (Cytokine-inducible serine/threonine-protein kinase) (FGF-inducible kinase) (Polo-like kinase 3) (PLK-3) (Proliferation-related kinase)	PLK3 CNK FNK PRK	Homo sapiens (Human)	646
PLK4	O00444	PLK4_HUMAN	reviewed	Serine/threonine-protein kinase PLK4 (EC 2.7.11.21) (Polo-like kinase 4) (PLK-4) (Serine/threonine-protein kinase 18) (Serine/threonine-protein kinase Sak)	PLK4 SAK STK18	Homo sapiens (Human)	970
PRKX	P51817	PRKX_HUMAN	reviewed	cAMP-dependent protein kinase catalytic subunit PRKX (PrKX) (Protein kinase X) (Protein kinase X-linked) (Serine/threonine-protein kinase PRKX) (EC 2.7.11.1) (Protein kinase PKX1)	PRKX PKX1	Homo sapiens (Human)	358
PYK2	Q14289	FAK2_HUMAN	reviewed	Protein-tyrosine kinase 2-beta (EC 2.7.10.2) (Calcium-dependent tyrosine kinase) (CADTK) (Calcium-regulated non-receptor proline-rich tyrosine kinase) (Cell adhesion kinase beta) (CAK-beta) (CAKB) (Focal adhesion kinase 2) (FADK 2) (Proline-rich tyrosine kinase 2) (Related adhesion focal tyrosine kinase) (RAFTK)	PTK2B FAK2 PYK2 RAFTK	Homo sapiens (Human)	1009
RAF1	P04049	RAF1_HUMAN	reviewed	RAF proto-oncogene serine/threonine-protein kinase (EC 2.7.11.1) (Proto-oncogene c-RAF) (cRaf) (Raf-1)	RAF1 RAF	Homo sapiens (Human)	648
RET	P07949	RET_HUMAN	reviewed	Proto-oncogene tyrosine-protein kinase receptor Ret (EC 2.7.10.1) (Cadherin family member 12) (Proto-oncogene c-Ret) [Cleaved into: Soluble RET kinase fragment; Extracellular cell-membrane anchored RET cadherin 120 kDa fragment]	RET CDHF12 CDHR16 PTC RET51	Homo sapiens (Human)	1114
RHOK	Q15835	RK_HUMAN	reviewed	Rhodopsin kinase (RK) (EC 2.7.11.14) (G protein-coupled receptor kinase 1)	GRK1 RHOK	Homo sapiens (Human)	563
RIPK1	Q13546	RIPK1_HUMAN	reviewed	Receptor-interacting serine/threonine-protein kinase 1 (EC 2.7.11.1) (Cell death protein RIP) (Receptor-interacting protein 1) (RIP-1) (Serine/threonine-protein kinase RIP)	RIPK1 RIP RIP1	Homo sapiens (Human)	671
RIPK2	O43353	RIPK2_HUMAN	reviewed	Receptor-interacting serine/threonine-protein kinase 2 (EC 2.7.11.1) (CARD-containing interleukin-1 beta-converting enzyme-associated kinase) (CARD-containing IL-1 beta ICE-kinase) (RIP-like-interacting CLARP kinase) (Receptor-interacting protein 2) (RIP-2) (Tyrosine-protein kinase RIPK2) (EC 2.7.10.2)	RIPK2 CARDIAK RICK RIP2 UNQ277/PRO314/PRO34092	Homo sapiens (Human)	540
ROCK1	Q13464	ROCK1_HUMAN	reviewed	Rho-associated protein kinase 1 (EC 2.7.11.1) (Renal carcinoma antigen NY-REN-35) (Rho-associated, coiled-coil-containing protein kinase 1) (Rho-associated, coiled-coil-containing protein kinase I) (ROCK-I) (p160 ROCK-1) (p160ROCK)	ROCK1	Homo sapiens (Human)	1354
ROCK2	O75116	ROCK2_HUMAN	reviewed	Rho-associated protein kinase 2 (EC 2.7.11.1) (Rho kinase 2) (Rho-associated, coiled-coil-containing protein kinase 2) (Rho-associated, coiled-coil-containing protein kinase II) (ROCK-II) (p164 ROCK-2)	ROCK2 KIAA0619	Homo sapiens (Human)	1388
RON	Q04912	RON_HUMAN	reviewed	Macrophage-stimulating protein receptor (MSP receptor) (EC 2.7.10.1) (CDw136) (Protein-tyrosine kinase 8) (p185-Ron) (CD antigen CD136) [Cleaved into: Macrophage-stimulating protein receptor alpha chain; Macrophage-stimulating protein receptor beta chain]	MST1R PTK8 RON	Homo sapiens (Human)	1400
ROS	P08922	ROS1_HUMAN	reviewed	Proto-oncogene tyrosine-protein kinase ROS (EC 2.7.10.1) (Proto-oncogene c-Ros) (Proto-oncogene c-Ros-1) (Receptor tyrosine kinase c-ros oncogene 1) (c-Ros receptor tyrosine kinase)	ROS1 MCF3 ROS	Homo sapiens (Human)	2347
RSK1	Q15418	KS6A1_HUMAN	reviewed	Ribosomal protein S6 kinase alpha-1 (S6K-alpha-1) (EC 2.7.11.1) (90 kDa ribosomal protein S6 kinase 1) (p90-RSK 1) (p90RSK1) (p90S6K) (MAP kinase-activated protein kinase 1a) (MAPK-activated protein kinase 1a) (MAPKAP kinase 1a) (MAPKAPK-1a) (Ribosomal S6 kinase 1) (RSK-1)	RPS6KA1 MAPKAPK1A RSK1	Homo sapiens (Human)	735
RSK2	P51812	KS6A3_HUMAN	reviewed	Ribosomal protein S6 kinase alpha-3 (S6K-alpha-3) (EC 2.7.11.1) (90 kDa ribosomal protein S6 kinase 3) (p90-RSK 3) (p90RSK3) (Insulin-stimulated protein kinase 1) (ISPK-1) (MAP kinase-activated protein kinase 1b) (MAPK-activated protein kinase 1b) (MAPKAP kinase 1b) (MAPKAPK-1b) (Ribosomal S6 kinase 2) (RSK-2) (pp90RSK2)	RPS6KA3 ISPK1 MAPKAPK1B RSK2	Homo sapiens (Human)	740
RSK3	Q15349	KS6A2_HUMAN	reviewed	Ribosomal protein S6 kinase alpha-2 (S6K-alpha-2) (EC 2.7.11.1) (90 kDa ribosomal protein S6 kinase 2) (p90-RSK 2) (p90RSK2) (MAP kinase-activated protein kinase 1c) (MAPK-activated protein kinase 1c) (MAPKAP kinase 1c) (MAPKAPK-1c) (Ribosomal S6 kinase 3) (RSK-3) (pp90RSK3)	RPS6KA2 MAPKAPK1C RSK3	Homo sapiens (Human)	733
RSK4	Q9UK32	KS6A6_HUMAN	reviewed	Ribosomal protein S6 kinase alpha-6 (S6K-alpha-6) (EC 2.7.11.1) (90 kDa ribosomal protein S6 kinase 6) (p90-RSK 6) (p90RSK6) (Ribosomal S6 kinase 4) (RSK-4) (pp90RSK4)	RPS6KA6 RSK4	Homo sapiens (Human)	745
SGK1	O00141	SGK1_HUMAN	reviewed	Serine/threonine-protein kinase Sgk1 (EC 2.7.11.1) (Serum/glucocorticoid-regulated kinase 1)	SGK1 SGK	Homo sapiens (Human)	431
SGK2	Q9HBY8	SGK2_HUMAN	reviewed	Serine/threonine-protein kinase Sgk2 (EC 2.7.11.1) (Serum/glucocorticoid-regulated kinase 2)	SGK2	Homo sapiens (Human)	427
SGK3	Q96BR1	SGK3_HUMAN	reviewed	Serine/threonine-protein kinase Sgk3 (EC 2.7.11.1) (Cytokine-independent survival kinase) (Serum/glucocorticoid-regulated kinase 3) (Serum/glucocorticoid-regulated kinase-like)	SGK3 CISK SGKL	Homo sapiens (Human)	496
SIK	P57059	SIK1_HUMAN	reviewed	Serine/threonine-protein kinase SIK1 (EC 2.7.11.1) (Salt-inducible kinase 1) (SIK-1) (Serine/threonine-protein kinase SNF1-like kinase 1) (Serine/threonine-protein kinase SNF1LK)	SIK1 SIK SNF1LK	Homo sapiens (Human)	783
SLK	Q9H2G2	SLK_HUMAN	reviewed	STE20-like serine/threonine-protein kinase (STE20-like kinase) (hSLK) (EC 2.7.11.1) (CTCL tumor antigen se20-9) (STE20-related serine/threonine-protein kinase) (STE20-related kinase) (Serine/threonine-protein kinase 2)	SLK KIAA0204 STK2	Homo sapiens (Human)	1235
SMG1	Q96Q15	SMG1_HUMAN	reviewed	Serine/threonine-protein kinase SMG1 (SMG-1) (hSMG-1) (EC 2.7.11.1) (61E3.4) (Lambda/iota protein kinase C-interacting protein) (Lambda-interacting protein)	SMG1 ATX KIAA0421 LIP	Homo sapiens (Human)	3661
SRC	P12931	SRC_HUMAN	reviewed	Proto-oncogene tyrosine-protein kinase Src (EC 2.7.10.2) (Proto-oncogene c-Src) (pp60c-src) (p60-Src)	SRC SRC1	Homo sapiens (Human)	536
SRM	P19623	SPEE_HUMAN	reviewed	Spermidine synthase (SPDSY) (EC 2.5.1.16) (Putrescine aminopropyltransferase)	SRM SPS1 SRML1	Homo sapiens (Human)	302
SRPK1	Q96SB4	SRPK1_HUMAN	reviewed	SRSF protein kinase 1 (EC 2.7.11.1) (SFRS protein kinase 1) (Serine/arginine-rich protein-specific kinase 1) (SR-protein-specific kinase 1)	SRPK1	Homo sapiens (Human)	655
STK33	Q9BYT3	STK33_HUMAN	reviewed	Serine/threonine-protein kinase 33 (EC 2.7.11.1)	STK33	Homo sapiens (Human)	514
SYK	P43405	KSYK_HUMAN	reviewed	Tyrosine-protein kinase SYK (EC 2.7.10.2) (Spleen tyrosine kinase) (p72-Syk)	SYK	Homo sapiens (Human)	635
TAK1	O43318	M3K7_HUMAN	reviewed	Mitogen-activated protein kinase kinase kinase 7 (EC 2.7.11.25) (Transforming growth factor-beta-activated kinase 1) (TGF-beta-activated kinase 1)	MAP3K7 TAK1	Homo sapiens (Human)	606
TBK1	Q9UHD2	TBK1_HUMAN	reviewed	Serine/threonine-protein kinase TBK1 (EC 2.7.11.1) (NF-kappa-B-activating kinase) (T2K) (TANK-binding kinase 1)	TBK1 NAK	Homo sapiens (Human)	729
TEC	P42680	TEC_HUMAN	reviewed	Tyrosine-protein kinase Tec (EC 2.7.10.2)	TEC PSCTK4	Homo sapiens (Human)	631
TESK1	Q15569	TESK1_HUMAN	reviewed	Dual specificity testis-specific protein kinase 1 (EC 2.7.12.1) (Testicular protein kinase 1)	TESK1	Homo sapiens (Human)	626
TESK2	Q96S53	TESK2_HUMAN	reviewed	Dual specificity testis-specific protein kinase 2 (EC 2.7.12.1) (Testicular protein kinase 2)	TESK2	Homo sapiens (Human)	571
TGFbR1	P36897	TGFR1_HUMAN	reviewed	TGF-beta receptor type-1 (TGFR-1) (EC 2.7.11.30) (Activin A receptor type II-like protein kinase of 53kD) (Activin receptor-like kinase 5) (ALK-5) (ALK5) (Serine/threonine-protein kinase receptor R4) (SKR4) (TGF-beta type I receptor) (Transforming growth factor-beta receptor type I) (TGF-beta receptor type I) (TbetaR-I)	TGFBR1 ALK5 SKR4	Homo sapiens (Human)	503
TGFbR2	P37173	TGFR2_HUMAN	reviewed	TGF-beta receptor type-2 (TGFR-2) (EC 2.7.11.30) (TGF-beta type II receptor) (Transforming growth factor-beta receptor type II) (TGF-beta receptor type II) (TbetaR-II)	TGFBR2	Homo sapiens (Human)	567
TIE2	Q02763	TIE2_HUMAN	reviewed	Angiopoietin-1 receptor (EC 2.7.10.1) (Endothelial tyrosine kinase) (Tunica interna endothelial cell kinase) (Tyrosine kinase with Ig and EGF homology domains-2) (Tyrosine-protein kinase receptor TEK) (Tyrosine-protein kinase receptor TIE-2) (hTIE2) (p140 TEK) (CD antigen CD202b)	TEK TIE2 VMCM VMCM1	Homo sapiens (Human)	1124
TNIK	Q9UKE5	TNIK_HUMAN	reviewed	TRAF2 and NCK-interacting protein kinase (EC 2.7.11.1)	TNIK KIAA0551	Homo sapiens (Human)	1360
TNK1	Q13470	TNK1_HUMAN	reviewed	Non-receptor tyrosine-protein kinase TNK1 (EC 2.7.10.2) (CD38 negative kinase 1)	TNK1	Homo sapiens (Human)	666
TRKB	Q16620	NTRK2_HUMAN	reviewed	BDNF/NT-3 growth factors receptor (EC 2.7.10.1) (GP145-TrkB) (Trk-B) (Neurotrophic tyrosine kinase receptor type 2) (TrkB tyrosine kinase) (Tropomyosin-related kinase B)	NTRK2 TRKB	Homo sapiens (Human)	822
TRKC	Q16288	NTRK3_HUMAN	reviewed	NT-3 growth factor receptor (EC 2.7.10.1) (GP145-TrkC) (Trk-C) (Neurotrophic tyrosine kinase receptor type 3) (TrkC tyrosine kinase)	NTRK3 TRKC	Homo sapiens (Human)	839
TSSK1	Q9BXA7	TSSK1_HUMAN	reviewed	Testis-specific serine/threonine-protein kinase 1 (TSK-1) (TSK1) (TSSK-1) (Testis-specific kinase 1) (EC 2.7.11.1) (Serine/threonine-protein kinase 22A)	TSSK1B SPOGA1 SPOGA4 STK22A STK22D TSSK1 FKSG81	Homo sapiens (Human)	367
TSSK2	Q96PF2	TSSK2_HUMAN	reviewed	Testis-specific serine/threonine-protein kinase 2 (TSK-2) (TSK2) (TSSK-2) (Testis-specific kinase 2) (EC 2.7.11.1) (DiGeorge syndrome protein G) (DGS-G) (Serine/threonine-protein kinase 22B)	TSSK2 DGSG SPOGA2 STK22B	Homo sapiens (Human)	358
TSSK3	Q96PN8	TSSK3_HUMAN	reviewed	Testis-specific serine/threonine-protein kinase 3 (TSK-3) (TSSK-3) (Testis-specific kinase 3) (EC 2.7.11.1) (Serine/threonine-protein kinase 22C)	TSSK3 SPOGA3 STK22C	Homo sapiens (Human)	268
TTK	P33981	TTK_HUMAN	reviewed	Dual specificity protein kinase TTK (EC 2.7.12.1) (Phosphotyrosine picked threonine-protein kinase) (PYT)	TTK MPS1 MPS1L1	Homo sapiens (Human)	857
TXK	P42681	TXK_HUMAN	reviewed	Tyrosine-protein kinase TXK (EC 2.7.10.2) (Protein-tyrosine kinase 4) (Resting lymphocyte kinase)	TXK PTK4 RLK	Homo sapiens (Human)	527
TYK2	P29597	TYK2_HUMAN	reviewed	Non-receptor tyrosine-protein kinase TYK2 (EC 2.7.10.2)	TYK2	Homo sapiens (Human)	1187
TYRO3	Q06418	TYRO3_HUMAN	reviewed	Tyrosine-protein kinase receptor TYRO3 (EC 2.7.10.1) (Tyrosine-protein kinase BYK) (Tyrosine-protein kinase DTK) (Tyrosine-protein kinase RSE) (Tyrosine-protein kinase SKY) (Tyrosine-protein kinase TIF)	TYRO3 BYK DTK RSE SKY TIF	Homo sapiens (Human)	890
Wee1	P30291	WEE1_HUMAN	reviewed	Wee1-like protein kinase (WEE1hu) (EC 2.7.10.2) (Wee1A kinase)	WEE1	Homo sapiens (Human)	646
Wnk2	Q9Y3S1	WNK2_HUMAN	reviewed	Serine/threonine-protein kinase WNK2 (EC 2.7.11.1) (Antigen NY-CO-43) (Protein kinase lysine-deficient 2) (Protein kinase with no lysine 2) (Serologically defined colon cancer antigen 43)	WNK2 KIAA1760 PRKWNK2 SDCCAG43 P/OKcl.13	Homo sapiens (Human)	2297
Wnk3	Q9BYP7	WNK3_HUMAN	reviewed	Serine/threonine-protein kinase WNK3 (EC 2.7.11.1) (Protein kinase lysine-deficient 3) (Protein kinase with no lysine 3)	WNK3 KIAA1566 PRKWNK3	Homo sapiens (Human)	1800
YES	P07947	YES_HUMAN	reviewed	Tyrosine-protein kinase Yes (EC 2.7.10.2) (Proto-oncogene c-Yes) (p61-Yes)	YES1 YES	Homo sapiens (Human)	543
ZAK	Q9NYL2	M3K20_HUMAN	reviewed	Mitogen-activated protein kinase kinase kinase 20 (EC 2.7.11.25) (Human cervical cancer suppressor gene 4 protein) (HCCS-4) (Leucine zipper- and sterile alpha motif-containing kinase) (MLK-like mitogen-activated protein triple kinase) (Mitogen-activated protein kinase kinase kinase MLT) (Mixed lineage kinase-related kinase) (MLK-related kinase) (MRK) (Sterile alpha motif- and leucine zipper-containing kinase AZK)	MAP3K20 MLTK ZAK HCCS4	Homo sapiens (Human)	800
ZAP70	P43403	ZAP70_HUMAN	reviewed	Tyrosine-protein kinase ZAP-70 (EC 2.7.10.2) (70 kDa zeta-chain associated protein) (Syk-related tyrosine kinase)	ZAP70 SRK	Homo sapiens (Human)	619
