InChIKey	UniProt	Relation	pKi(M)
VYNIUBZKEWJOJP-UNMCSNQZSA-N	P15538	=	7.455932
VYNIUBZKEWJOJP-IFMALSPDSA-N	P15538	=	7.823909
VYNIUBZKEWJOJP-UNMCSNQZSA-N	P05093	=	5.789147
KRFWHRJXDKUGAA-UHFFFAOYSA-N	P05093	=	8.221849
OUKGIXVCYSGPFV-YHVBFONYSA-N	P05093	=	8.096910
CAYRBKFHAOVPLM-FNMMYBPXSA-N	P05093	=	8.522879
YIWNIULQOQYDHI-CEJNIXRPSA-N	P05093	=	8.096910
OPPZNEHAUJDDQH-CEJNIXRPSA-N	P05093	=	7.387216
CWWOHKJKERHVSH-KJBVPOJVSA-N	P05093	=	7.638272
PRBTWKCJXZGRAL-XJBINJAOSA-N	P05093	=	8.920819
JBDFGDJIQMKOLL-QGSFHLTQSA-N	P05093	=	8.721246
OKJRJJXKSVCWCZ-KJBVPOJVSA-N	P05093	=	8.853872
XMAYWYJOQHXEEK-ZEQKJWHPSA-N	P05093	=	7.420216
LEZWWPYKPKIXLL-UHFFFAOYSA-N	P05093	=	6.488117
QXHHHPZILQDDPS-UHFFFAOYSA-N	P05093	=	6.296709
OCAPBUJLXMYKEJ-UHFFFAOYSA-N	P05093	=	7.247952
VNFPBHJOKIVQEB-UHFFFAOYSA-N	P05093	=	7.088842
MPIPASJGOJYODL-UHFFFAOYSA-N	P05093	=	6.214670
BYBLEWFAAKGYCD-UHFFFAOYSA-N	P05093	=	6.614394
VYNIUBZKEWJOJP-UNMCSNQZSA-N	P05093	=	6.349692
VYNIUBZKEWJOJP-IFMALSPDSA-N	P05093	=	6.962574
VYNIUBZKEWJOJP-IFMALSPDSA-N	P05093	=	7.267606
CWWOHKJKERHVSH-ZKHIMWLXSA-N	P05093	=	7.638272
PRBTWKCJXZGRAL-BLQWBTBKSA-N	P05093	=	8.920819
OKJRJJXKSVCWCZ-ZKHIMWLXSA-N	P05093	=	8.853872
OPPZNEHAUJDDQH-OEUJLIAZSA-N	P05093	=	7.387216
JBDFGDJIQMKOLL-PAPPXSOASA-N	P05093	=	8.721246
YIWNIULQOQYDHI-OEUJLIAZSA-N	P05093	=	8.096910
XMAYWYJOQHXEEK-ZEQKJWHPSA-N	P05093	=	7.420216
CLPFFLWZZBQMAO-UHFFFAOYSA-N	P11511	=	9.221849
OMGJLQMHGRFTAP-ATVHPVEESA-N	P11511	=	7.987163
ALLOQIRZHVQYIA-RGEXLXHISA-N	P11511	=	7.987163
FUPJASKVSALSLR-UHFFFAOYSA-N	P11511	=	7.064493
LJFZXLQZUJKMRI-RGJWXQDMSA-N	P11511	=	8.000000
WFSMLUZTOHJLKX-AYEIPMSGSA-N	P11511	=	7.782516
OFMCSMLOQKMMIX-RGJWXQDMSA-N	P11511	=	7.744727
HQCZIACCVMWDJB-WVSGMKLRSA-N	P11511	=	7.882729
ROBVIMPUHSLWNV-UHFFFAOYSA-N	P11511	=	6.221849
ROBVIMPUHSLWNV-UHFFFAOYSA-N	P11511	=	5.744727
ZDNIEANTSDNRKV-QYNFTHNESA-N	P11511	=	7.181774
GFGIGWKDEBZVMT-XVYLWALFSA-N	P11511	=	7.431798
GFGIGWKDEBZVMT-XTORZRHISA-N	P11511	=	8.000000
JKPDEYAOCSQBSZ-OEUJLIAZSA-N	P11511	=	7.818156
ZDNIEANTSDNRKV-OYIOTATGSA-N	P11511	=	7.322393
HGXZNIOSVPOXRE-ZEHJPDPISA-N	P11511	=	6.096910
UPJODXGWEXHPEK-DQXCSHPPSA-N	P11511	=	8.221849
UGCIHWZOIVCJGP-BGJMDTOESA-N	P11511	=	8.236572
WJINZNWBMZDWPK-ZYVPZICASA-N	P11511	=	7.045757
HGXZNIOSVPOXRE-HDOZPKFNSA-N	P11511	=	8.468521
MNOAOFLIFDRILH-QAGGRKNESA-N	P11511	=	8.167491
UTCSOFZAESZNST-DQXCSHPPSA-N	P11511	=	7.236572
FITTWLFIFVRTBR-ZEHJPDPISA-N	P11511	=	6.958607
UTCSOFZAESZNST-BMSLSITRSA-N	P11511	=	7.602060
UPJODXGWEXHPEK-BMSLSITRSA-N	P11511	=	7.677781
FITTWLFIFVRTBR-HDOZPKFNSA-N	P11511	=	6.602060
WJINZNWBMZDWPK-YBKKEEBTSA-N	P11511	=	7.221849
VHEGBHRCHSDJHJ-BGJMDTOESA-N	P11511	=	6.000000
AFGDPPHTYUQKOF-QAGGRKNESA-N	P11511	=	6.920819
VFMMPHCGEFXGIP-UHFFFAOYSA-N	P11511	=	7.698970
FDHUZZLLTRFCDB-YXAMPDCWSA-N	P11511	=	9.000000
ROBVIMPUHSLWNV-UHFFFAOYSA-N	P11511	=	6.221849
LUJVUUWNAPIQQI-QAGGRKNESA-N	P11511	=	6.494850
XMAYWYJOQHXEEK-ZEQKJWHPSA-N	P11511	=	4.187087
VGXUJXXKBNEKRI-CEJNIXRPSA-N	P11511	=	5.522879
HMWVXXOYSTWBTG-HTUWJCGISA-N	P11511	=	7.251812
VEUHCSMDWHNLGC-QGICKFDUSA-N	P11511	=	7.920819
NJULPAVJMURXJB-DCCOOYGWSA-N	P11511	=	4.602060
JJEROASYJCSDIU-AKYADPKGSA-N	P11511	=	8.154902
IFQGCFSQXXEGDT-UWVSKHRXSA-N	P11511	=	8.638272
MNOAOFLIFDRILH-QAGGRKNESA-N	P11511	=	7.431798
WWVGOVDLTMQAQT-RCMKLKEOSA-N	P11511	=	6.408935
PODSTHAFQFMETD-UHFFFAOYSA-N	P11511	=	8.301030
OSVMTWJCGUFAOD-KZQROQTASA-N	P11511	=	7.301030
LCFDGVXDFUKBGU-BWGWWWHMSA-N	P11511	=	4.481486
ZSIYAFPOXRGFRA-SMJWDEPKSA-N	P11511	=	7.124939
ZCWJOLNRFYBZJQ-GTSVPISWSA-N	P11511	=	8.327902
BPEWUONYVDABNZ-WFZCBACDSA-N	P11511	=	4.455932
JJEROASYJCSDIU-SMJWDEPKSA-N	P11511	=	7.124939
ZSIYAFPOXRGFRA-AKYADPKGSA-N	P11511	=	9.000000
IQUXBKUKXDWZLA-QKBRSHRXSA-N	P11511	=	5.958607
RBAGUTHIQQDDMW-GTSVPISWSA-N	P11511	=	8.522879
YBQJZPUCIDDTLT-GTSVPISWSA-N	P11511	=	8.045757
ACUQDKXLALFOFQ-PTNVGKEZSA-N	P11511	=	9.000000
UFIQNZVZPASSNX-QGICKFDUSA-N	P11511	=	8.886057
UFIQNZVZPASSNX-QGICKFDUSA-N	P11511	=	6.050610
DKVSUQWCZQBWCP-QAGGRKNESA-N	P11511	=	6.744727
CLPFFLWZZBQMAO-UHFFFAOYSA-N	P11511	=	8.823909
LNDKUEXAXHAQMO-FWMAMRLESA-N	P11511	=	7.431798
QLZOSNWYWZNEJT-UHFFFAOYSA-N	P11511	=	6.539102
KMFWEHJTLFYKGK-UHFFFAOYSA-N	P11511	=	6.353596
UGCIHWZOIVCJGP-BGJMDTOESA-N	P11511	=	7.886057
GSOJBPSBUAABDR-UKWBUSNESA-N	P11511	=	6.341989
PNYTVFWLOYBJNO-UHFFFAOYSA-N	P11511	=	5.110698
MNOAOFLIFDRILH-QAGGRKNESA-N	P11511	=	7.431798
WEXKAORQQXRDCM-UHFFFAOYSA-N	P11511	=	6.769551
GSOJBPSBUAABDR-GFJUSKSSSA-N	P11511	=	6.642065
PTPHNYFLJRHMHK-UHFFFAOYSA-N	P11511	=	6.080922
JTFYIUMDFFPNCQ-HWYUWTSOSA-N	P11511	=	7.207608
FCLHZVTXXAVKHH-NVQGEFCDSA-N	P11511	=	8.327902
LVJHBULIPHDPOH-FMPONZIVSA-N	P11511	=	7.431798
GPQZGTVZFASECT-XTORZRHISA-N	P11511	=	8.337242
UYOQAIUOBLCZNG-CQPDLKSQSA-N	P11511	=	8.055517
GZSCFURMBHMSCE-LQVSISNVSA-N	P11511	=	8.251812
FCLHZVTXXAVKHH-HWYUWTSOSA-N	P11511	=	8.853872
GZSCFURMBHMSCE-CZKBIPHFSA-N	P11511	=	7.958607
GOFPYVGJAASCMJ-WDYHNOPSSA-N	P11511	=	7.200659
ARRQBDZYCGGZAB-HWYUWTSOSA-N	P11511	=	8.292430
UYOQAIUOBLCZNG-VPQTXNHLSA-N	P11511	=	7.920819
GPQZGTVZFASECT-XVYLWALFSA-N	P11511	=	8.173925
LVJHBULIPHDPOH-FVCBUBRNSA-N	P11511	=	7.677781
HCJQBDUSGVRKSO-SKEKJXQUSA-N	P11511	=	7.657577
HCJQBDUSGVRKSO-NUTPGDKJSA-N	P11511	=	7.508638
GOFPYVGJAASCMJ-XQRZRPSQSA-N	P11511	=	8.000000
STCMXLSWPAFYPU-XVYLWALFSA-N	P11511	=	6.469800
TWSVBZORGBDMKX-NNFASVCWSA-N	P11511	=	6.187087
LUJVUUWNAPIQQI-QAGGRKNESA-N	P11511	=	6.021363
BWNQBQAKVQVBHH-CZKBIPHFSA-N	P11511	=	6.120904
BWNQBQAKVQVBHH-LQVSISNVSA-N	P11511	=	6.096910
TYNLGMGANHYOFS-VPQTXNHLSA-N	P11511	=	6.243364
XCVPQQKZRNPVKM-NVQGEFCDSA-N	P11511	=	6.707744
NVKAWKQGWWIWPM-ABEVXSGRSA-N	P11511	=	6.657577
JFPRTDXRHXOBRN-UHFFFAOYSA-N	P11511	=	3.886057
YQCXFQRUVLISPY-UHFFFAOYSA-N	P11511	=	2.921543
ROBVIMPUHSLWNV-UHFFFAOYSA-N	P11511	=	6.327902
BOQHVHAJWGPUDE-UHFFFAOYSA-N	P11511	=	3.987163
WWVGOVDLTMQAQT-RCMKLKEOSA-N	P11511	=	6.387216
IQUXBKUKXDWZLA-UHFFFAOYSA-N	P11511	=	6.161151
WDQCQHSXEZVVFV-UHFFFAOYSA-N	P11511	=	4.886057
LUJVUUWNAPIQQI-QAGGRKNESA-N	P11511	=	6.920819
PSVGTAYPKIYITQ-UHFFFAOYSA-N	P11511	=	4.346787
DDZURXJVPLPTGI-UHFFFAOYSA-N	P11511	=	3.049149
ZDBQDDQYTDGISL-UHFFFAOYSA-N	P11511	=	4.013228
XCYXYAOVXGECBM-SMJWDEPKSA-N	P11511	=	5.946922
KCWRWKGGJCNOJN-SMJWDEPKSA-N	P11511	=	7.200659
DNMLJXFJYBCOPD-ADNJVOOBSA-N	P11511	=	7.154902
XCYXYAOVXGECBM-SMJWDEPKSA-N	P11511	=	7.568636
NRJKYXRMAZMEOT-PVGIFFGCSA-N	P11511	=	6.060481
FLPJFBVKUMSCOB-SMJWDEPKSA-N	P11511	=	7.958607
AGHFYYSPGSRXOM-IETUKNSDSA-N	P11511	=	6.721246
NRJKYXRMAZMEOT-FTKHWQABSA-N	P11511	=	6.033389
ROBVIMPUHSLWNV-UHFFFAOYSA-N	P11511	=	6.167491
QMQMEAAIWVAXHW-UHFFFAOYSA-N	P11511	=	5.756962
QPJZAHJMZUCFMF-UHFFFAOYSA-N	P11511	=	6.000000
CHYHXQPYXJMIAD-UHFFFAOYSA-N	P11511	=	5.756962
MAUIJSRGENXQBY-UHFFFAOYSA-N	P11511	=	6.096910
FDHUZZLLTRFCDB-YXAMPDCWSA-N	P11511	=	9.000000
UKCVAQGKEOJTSR-UHFFFAOYSA-N	P11511	=	8.823909
JKPDEYAOCSQBSZ-OEUJLIAZSA-N	P11511	=	8.397940
BPEWUONYVDABNZ-DZBHQSCQSA-N	P11511	=	4.455932
DVVYOMPMEOUSAP-UHFFFAOYSA-N	P11511	=	7.991400
UZQLPUCVJYDRKC-UHFFFAOYSA-N	P11511	=	6.759451
KIOCIZQSIWLMRI-UHFFFAOYSA-N	P11511	=	7.055517
KASRJGUVAWHBSO-UHFFFAOYSA-N	P11511	=	7.055517
VVDWEHROXAUWQZ-UHFFFAOYSA-N	P11511	=	7.214670
OPLIQEAVVVBVAF-UHFFFAOYSA-N	P11511	=	5.846490
ZPVDGPIFJNHZML-UHFFFAOYSA-N	P11511	=	7.022276
WBRDFWVUFXXXKI-UHFFFAOYSA-N	P11511	=	7.026872
ITBRYTSKEIMOQC-VMRCMBGLSA-N	P11511	=	6.772113
NJRKOHLHHUDPLF-YGHRKMAYSA-N	P11511	=	7.522879
NRLOVPYZRGODHH-AOFAECLASA-N	P11511	=	7.142668
IJJJTAZQYVCQBF-NWUYABBNSA-N	P11511	=	7.568636
KEVDHIRSYSCSSY-YGHRKMAYSA-N	P11511	=	7.522879
OSVMTWJCGUFAOD-KZQROQTASA-N	P11511	=	7.568636
MUMGGOZAMZWBJJ-DYKIIFRCSA-N	P11511	=	6.221849
JJEROASYJCSDIU-AKYADPKGSA-N	P11511	=	8.154902
UJIMEQLZIHUANY-JPRZGNOKSA-N	P11511	=	7.065502
ZSIYAFPOXRGFRA-AKYADPKGSA-N	P11511	=	9.000000
UJIMEQLZIHUANY-MIBLLKTRSA-N	P11511	=	6.123205
GUKQEUWOWNEIPA-MIBLLKTRSA-N	P11511	=	6.686133
ZSIYAFPOXRGFRA-SMJWDEPKSA-N	P11511	=	7.124939
GUKQEUWOWNEIPA-JPRZGNOKSA-N	P11511	=	7.657577
JJEROASYJCSDIU-SMJWDEPKSA-N	P11511	=	7.124939
XFDLZKMDVPATED-UHFFFAOYSA-N	P11511	=	5.400117
XCQZFNGICWIWML-UHFFFAOYSA-N	P11511	=	5.067526
NVKAWKQGWWIWPM-ABEVXSGRSA-N	P11511	=	5.809668
IQUXBKUKXDWZLA-UHFFFAOYSA-N	P11511	=	5.958607
WWVGOVDLTMQAQT-RCMKLKEOSA-N	P11511	=	6.408935
LUJVUUWNAPIQQI-QAGGRKNESA-N	P11511	=	6.585027
HQCZIACCVMWDJB-XJJBKHASSA-N	P11511	=	7.723538
WFSMLUZTOHJLKX-FTBJKECHSA-N	P11511	=	7.882729
YGTKDYTYEJUJDJ-UELGWYSCSA-N	P11511	=	7.782516
WFSMLUZTOHJLKX-HXTWUXIJSA-N	P11511	=	7.395774
HMEDDHFFBWFEGG-XGPYINPKSA-N	P11511	=	7.403403
HQCZIACCVMWDJB-QUIBULTISA-N	P11511	=	7.351640
PFTHDRWWQWGYOW-RQYVQDPVSA-N	P11511	=	7.443697
OFMCSMLOQKMMIX-RGJWXQDMSA-N	P11511	=	7.744727
MNOAOFLIFDRILH-QAGGRKNESA-N	P11511	=	7.886057
NCWRHWYERRAYID-UHFFFAOYSA-N	P11511	=	4.958607
AFGDPPHTYUQKOF-QAGGRKNESA-N	P11511	=	6.920819
UDTLPVXKKHGQBG-YDJBNQETSA-N	P11511	=	5.698970
JSCPJFKOQRKNTI-UHFFFAOYSA-N	P11511	=	5.259637
NINLAYUXSUKKHW-UHFFFAOYSA-N	P11511	=	7.236572
AMNWQOATBFQMRP-UHFFFAOYSA-N	P11511	=	5.522879
VHDOTNMSJDQVEE-UHFFFAOYSA-N	P11511	=	6.657577
ARFAFOAPBXHFTC-UHFFFAOYSA-N	P11511	=	4.823909
LXSRYCCKGWATML-GFJUSKSSSA-N	P11511	=	4.958607
LHDMACWWIQYSTK-UHFFFAOYSA-N	P11511	=	4.886057
SHXCMOUXXLQOEC-XPTNWMGSSA-N	P11511	=	5.275724
VCNZMBLUQMGTAY-UHFFFAOYSA-N	P11511	=	4.346787
YRRGNZGUKMXMKK-UHFFFAOYSA-N	P11511	=	5.619789
ADWFPYROOHCVON-UHFFFAOYSA-N	P11511	=	5.522879
VHEGBHRCHSDJHJ-BGJMDTOESA-N	P11511	=	6.000000
SVDSXMKJDCDWLU-UHFFFAOYSA-N	P11511	=	6.602060
IMIRMQOMASATMY-UHFFFAOYSA-N	P11511	=	5.744727
JRIZOGLBRPZBLQ-UHFFFAOYSA-N	P11511	=	6.853872
AEMFNILZOJDQLW-QAGGRKNESA-N	P11511	=	7.698970
NGYZCWFJXYBEIT-UHFFFAOYSA-N	P11511	=	5.008774
DVDSCBZPGQBFFD-UHFFFAOYSA-N	P11511	=	5.853872
QXKJWHWUDVQATH-UHFFFAOYSA-N	P11511	=	5.958607
QXKJWHWUDVQATH-UHFFFAOYSA-N	P11511	=	4.853872
OORIPAIYDLQOTG-UHFFFAOYSA-N	P11511	=	6.318759
MXNNUYDUWHPTRU-UHFFFAOYSA-N	P11511	=	6.698970
OORIPAIYDLQOTG-UHFFFAOYSA-N	P11511	=	6.920819
MXNNUYDUWHPTRU-UHFFFAOYSA-N	P11511	=	7.045757
NCWRHWYERRAYID-UHFFFAOYSA-N	P11511	=	4.958607
VHDOTNMSJDQVEE-UHFFFAOYSA-N	P11511	=	6.744727
LHDMACWWIQYSTK-UHFFFAOYSA-N	P11511	=	4.698970
YRRGNZGUKMXMKK-UHFFFAOYSA-N	P11511	=	5.585027
SVDSXMKJDCDWLU-UHFFFAOYSA-N	P11511	=	6.823909
ARFAFOAPBXHFTC-UHFFFAOYSA-N	P11511	=	5.154902
IMIRMQOMASATMY-UHFFFAOYSA-N	P11511	=	5.537602
ROBVIMPUHSLWNV-UHFFFAOYSA-N	P11511	=	5.744727
FLQPZWGQFMSPBG-UHFFFAOYSA-N	P11511	=	7.301030
FTLSXSJMDCNPAK-UHFFFAOYSA-N	P11511	=	7.698970
SGGCPUGLXWOPAP-UHFFFAOYSA-N	P11511	=	5.920819
FXKAFJRRPFOCON-UHFFFAOYSA-N	P11511	=	8.823909
GMZBMJBCDDHOMP-UHFFFAOYSA-N	P11511	=	7.136677
CLKVUYDHWSHNGQ-UHFFFAOYSA-N	P11511	=	7.443697
BZYIICZUVPPSEB-UHFFFAOYSA-N	P11511	=	7.229148
HIKKUMIMNQGLJW-UHFFFAOYSA-N	P11511	=	7.744727
OSVMTWJCGUFAOD-KZQROQTASA-N	P11511	=	7.267606
KECSLKZJFNOOFU-UHFFFAOYSA-N	P11511	=	7.187087
QZYHZMLBKKTOQU-UHFFFAOYSA-N	P11511	=	7.387216
MNOAOFLIFDRILH-QAGGRKNESA-N	P11511	=	8.167491
PFMMKGGPOLDMEE-XRMCMGSZSA-N	P11511	=	7.356547
SNJUIXSSEIVANC-UBUPRVBRSA-N	P11511	=	9.853872
XMTVISLAECGBLA-ABKQQUAMSA-N	P11511	=	6.397940
FACSJNDEAKXXDF-CSUYMXGQSA-N	P11511	=	7.292430
LEIWUALXUKRPTD-ORKKWDGISA-N	P11511	=	7.366532
PTPHNYFLJRHMHK-YDJBNQETSA-N	P11511	=	10.346787
QPWLPAJYJGUKSR-ABHVLBICSA-N	P11511	=	8.537602
UPJODXGWEXHPEK-GXXLBWDJSA-N	P11511	=	7.677781
SPQYFKZBWJXPTC-VBDFFWHESA-N	P11511	=	8.508638
BBWNGNWLDMFXAW-WJDGRSQVSA-N	P11511	=	7.920819
BBWNGNWLDMFXAW-SKQDGYSZSA-N	P11511	=	7.920819
SNJUIXSSEIVANC-SSSDRFAOSA-N	P11511	=	9.420216
SPQYFKZBWJXPTC-PFRDHEKVSA-N	P11511	=	8.275724
QPWLPAJYJGUKSR-UBSTYODESA-N	P11511	=	8.259637
XMTVISLAECGBLA-FDAXKOGNSA-N	P11511	=	5.920819
ULWNKRZBEQGCRF-XYGTZWRJSA-N	P11511	=	5.387216
LEIWUALXUKRPTD-ODKAITLMSA-N	P11511	=	7.366532
ULWNKRZBEQGCRF-XPDTZVJUSA-N	P11511	=	5.585027
VTGGNLFKRWMFCH-YXHAKOJRSA-N	P11511	=	9.468521
OVURERDJMLXMHG-VILDCMJKSA-N	P11511	=	7.744727
UPJODXGWEXHPEK-KTSZXUFWSA-N	P11511	=	8.221849
OVURERDJMLXMHG-FLSWPYJUSA-N	P11511	=	7.619789
PFMMKGGPOLDMEE-NYYHRPKISA-N	P11511	=	7.000000
VTGGNLFKRWMFCH-OUMTZYTPSA-N	P11511	=	9.744727
FACSJNDEAKXXDF-LHCCWGHRSA-N	P11511	=	7.522879
LRKBTRNJFNIXMH-WDYHNOPSSA-N	P11511	=	8.107905
LRKBTRNJFNIXMH-XQRZRPSQSA-N	P11511	=	7.698970
STCMXLSWPAFYPU-XVYLWALFSA-N	P11511	=	7.657577
TWSVBZORGBDMKX-NNFASVCWSA-N	P11511	=	7.602060
WLAOFEXUHCVHAH-ZEVFXQAJSA-N	P11511	=	7.958607
STCMXLSWPAFYPU-XTORZRHISA-N	P11511	=	8.154902
TYNLGMGANHYOFS-CQPDLKSQSA-N	P11511	=	7.853872
LUJVUUWNAPIQQI-QAGGRKNESA-N	P11511	=	7.366532
BWNQBQAKVQVBHH-CZKBIPHFSA-N	P11511	=	7.366532
BWNQBQAKVQVBHH-LQVSISNVSA-N	P11511	=	7.267606
TYNLGMGANHYOFS-VPQTXNHLSA-N	P11511	=	7.795880
XCVPQQKZRNPVKM-NVQGEFCDSA-N	P11511	=	7.721246
XCVPQQKZRNPVKM-HWYUWTSOSA-N	P11511	=	8.327902
WLAOFEXUHCVHAH-ROJXXRNDSA-N	P11511	=	8.301030
TWSVBZORGBDMKX-KQEPUZBESA-N	P11511	=	8.096910
ROBVIMPUHSLWNV-UHFFFAOYSA-N	P11511	=	6.221849
QXKJWHWUDVQATH-UHFFFAOYSA-N	P11511	=	5.958607
VYNIUBZKEWJOJP-IFMALSPDSA-N	P11511	=	7.886057
VYNIUBZKEWJOJP-UNMCSNQZSA-N	P11511	=	8.119186
KNNWZTLIWIMQIQ-CXOXHQNKSA-N	P11511	=	7.327902
VVJCUUBNICZCTD-YKBNYSBYSA-N	P11511	=	7.000000
JKPDEYAOCSQBSZ-OEUJLIAZSA-N	P11511	=	8.207608
OSVMTWJCGUFAOD-KZQROQTASA-N	P11511	=	6.266001
YLDHLQOSVJWUFW-QNSFZFNSSA-N	P11511	=	5.508638
JMKDGYUTWXJJDH-VKLUZWIXSA-N	P11511	=	7.552842
TYMBERJAQJNTQF-UHFFFAOYSA-N	P11511	=	6.045757
ILINAMZYBUFFDT-UHFFFAOYSA-N	P11511	=	5.935542
SXRYBTCTRUEJJT-UHFFFAOYSA-N	P11511	=	5.772113
LETKTNKPQWCFSX-UHFFFAOYSA-N	P11511	=	6.657577
BPDKECPLBRDXTH-UHFFFAOYSA-N	P11511	=	6.508638
GMFZBGAQKAVZSP-UHFFFAOYSA-N	P11511	=	6.585027
ROBVIMPUHSLWNV-UHFFFAOYSA-N	P11511	=	5.850781
WUADCCWRTIWANL-UHFFFAOYSA-N	P11511	=	4.920819
RTIXKCRFFJGDFG-UHFFFAOYSA-N	P11511	=	5.585027
TZBJGXHYKVUXJN-UHFFFAOYSA-N	P11511	=	3.910095
XDJIKPUCOXIQTJ-UHFFFAOYSA-N	P11511	=	6.167491
DKRQMJKDYAXPTC-UHFFFAOYSA-N	P11511	=	5.739929
RXWNXKWUPXPOAM-UHFFFAOYSA-N	P11511	=	6.602060
QPTRWYFTUZRBMT-UHFFFAOYSA-N	P11511	=	5.356547
ROBVIMPUHSLWNV-UHFFFAOYSA-N	P11511	=	5.850781
WUADCCWRTIWANL-UHFFFAOYSA-N	P11511	=	4.920819
RJWNCDOWHNLVPF-BOCZYFFZSA-N	P11511	=	7.301030
ALHYGULCJHAJFX-CWBKUMBBSA-N	P11511	=	7.420216
UXTAKINVUOEXAI-ZTWNCRQDSA-N	P11511	=	6.832683
ZSHUZIXPVHUHIT-FWMAMRLESA-N	P11511	=	6.180456
ZQSIJRDFPHDXIC-UHFFFAOYSA-N	P11511	=	4.000000
VCCRNZQBSJXYJD-UHFFFAOYSA-N	P11511	=	4.000000
TZBJGXHYKVUXJN-UHFFFAOYSA-N	P11511	=	4.000000
RUUOJGYNYNPAKU-UHFFFAOYSA-N	P11511	=	8.187087
SADZUGZPRKRGTC-UHFFFAOYSA-N	P11511	=	8.251812
WOTHQAYNAPHLDM-UHFFFAOYSA-N	P11511	=	8.721246
SLZWZNUKPMKGCR-UHFFFAOYSA-N	P11511	=	7.882729
QEODFJMVDIPNKP-UHFFFAOYSA-N	P11511	=	7.278189
IYLACPJLCQDSFP-UHFFFAOYSA-N	P11511	=	7.476254
LUUDYHCKONVRQY-UHFFFAOYSA-N	P11511	=	7.593460
GOSRVAHFGDUDAX-UHFFFAOYSA-N	P11511	=	7.821023
HPJKCIUCZWXJDR-UHFFFAOYSA-N	P11511	=	8.657577
GYXFOOCGIVDNFH-UHFFFAOYSA-N	P11511	=	6.575118
DAHDDFCIAFXETP-UHFFFAOYSA-N	P11511	=	6.414539
UGGLYQWQTKDJNR-OALUTQOASA-N	P11511	=	6.102373
WWORACPMEHPZQP-UHFFFAOYSA-N	P11511	=	6.000000
AGEXGCQZPJCKJO-GOTSBHOMSA-N	P11511	=	7.000000
SAENKYVBAKDRBL-OALUTQOASA-N	P11511	=	7.221849
UGGLYQWQTKDJNR-RBUKOAKNSA-N	P11511	=	7.096910
AOUFLDFQEMUYCL-DLBZAZTESA-N	P11511	=	7.301030
SAENKYVBAKDRBL-RBUKOAKNSA-N	P11511	=	6.602060
XMAYWYJOQHXEEK-ZEQKJWHPSA-N	P11511	=	6.397940
UGGLYQWQTKDJNR-OALUTQOASA-N	P11511	=	6.099999
WWORACPMEHPZQP-UHFFFAOYSA-N	P11511	=	6.000000
AGEXGCQZPJCKJO-GOTSBHOMSA-N	P11511	=	7.000000
SAENKYVBAKDRBL-OALUTQOASA-N	P11511	=	7.199971
UGGLYQWQTKDJNR-RBUKOAKNSA-N	P11511	=	7.100015
AOUFLDFQEMUYCL-DLBZAZTESA-N	P11511	=	7.299989
SAENKYVBAKDRBL-RBUKOAKNSA-N	P11511	=	6.599998
XMAYWYJOQHXEEK-ZEQKJWHPSA-N	P11511	=	6.399997
OBAQZPONMJOLHP-UHFFFAOYSA-N	P11511	=	5.935542
TVLQFEWBCFZACU-UHFFFAOYSA-N	P11511	=	5.274007
ODKCSOPYXDQUAG-UHFFFAOYSA-N	P11511	=	7.198048
HQGXMKVGHPPWRD-UHFFFAOYSA-N	P11511	=	4.901010
ITTJXMWPRXVXQA-UHFFFAOYSA-N	P11511	=	6.630228
FUYXVZUYIRXAPQ-UHFFFAOYSA-N	P11511	=	5.763967
QIDATLHCTUJRGO-UHFFFAOYSA-N	P11511	=	4.823909
RJSRAVGLLFFTHO-UHFFFAOYSA-N	P11511	=	10.221849
XCFIQSRDXZBCQL-UHFFFAOYSA-N	P11511	=	5.593801
PRMYSIUAWGYBCG-UHFFFAOYSA-N	P11511	=	8.086186
QLNODILXMAEXNY-UHFFFAOYSA-N	P11511	=	9.187087
MIIRYQLGPCKCTF-UHFFFAOYSA-N	P11511	=	8.498941
GXAMFEXHKCHEHF-UHFFFAOYSA-N	P11511	=	6.545003
WROYMBIVFWYNSA-UHFFFAOYSA-N	P11511	=	5.829152
UWOWYLWXAGOBPH-UHFFFAOYSA-N	P11511	=	7.083336
HMVDBEYZQDVLSY-UHFFFAOYSA-N	P11511	=	7.000000
SNFIGQBBKZOQSH-UHFFFAOYSA-N	P11511	=	7.454445
LUKBXSAWLPMMSZ-OWOJBTEDSA-N	P11511	=	4.380176
HPJKCIUCZWXJDR-UHFFFAOYSA-N	P11511	=	10.698970
YBBLVLTVTVSKRW-UHFFFAOYSA-N	P11511	=	9.886057
CLPFFLWZZBQMAO-UHFFFAOYSA-N	P11511	=	10.301030
VMYTXBKVYDESSJ-USOAJAOKSA-N	P11511	=	7.000000
RHKHISPXHVJNPF-BEEALFCHSA-N	P11511	=	7.065502
RJWNCDOWHNLVPF-HKQXQEGQSA-N	P11511	=	7.301030
ALHYGULCJHAJFX-CWBKUMBBSA-N	P11511	=	7.420216
ISJVDMWNISUFRJ-HKQXQEGQSA-N	P11511	=	5.022231
YCQBLTPGQSYLHD-VHXPQNKSSA-N	P11511	=	6.354578
YCQBLTPGQSYLHD-WCWDXBQESA-N	P11511	=	7.318759
YCQBLTPGQSYLHD-UHFFFAOYSA-N	P11511	=	7.113509
NYNDDIOBHLATMH-MOPGFXCFSA-N	P11511	=	6.189096
RHGAFWMGLUFSHI-MOPGFXCFSA-N	P11511	=	6.455932
FZMGJYBCPDAGRU-SJORKVTESA-N	P11511	=	6.075204
FUDQEWMPINDILM-SJORKVTESA-N	P11511	=	6.886057
QKJRFLUTHQWBPG-SJORKVTESA-N	P11511	=	6.698970
SWQHVRSNSNSTAN-MOPGFXCFSA-N	P11511	=	7.698970
KBPPMMMKJPYVTI-MOPGFXCFSA-N	P11511	=	7.154902
XRZDGWACZRLVHP-MOPGFXCFSA-N	P11511	=	6.795880
NYNDDIOBHLATMH-OALUTQOASA-N	P11511	=	6.625252
HWIBXSYJGNHKPQ-OALUTQOASA-N	P11511	=	7.045757
RHGAFWMGLUFSHI-OALUTQOASA-N	P11511	=	6.958607
FZMGJYBCPDAGRU-IRXDYDNUSA-N	P11511	=	6.086186
FUDQEWMPINDILM-IRXDYDNUSA-N	P11511	=	6.769551
QKJRFLUTHQWBPG-IRXDYDNUSA-N	P11511	=	6.481486
SWQHVRSNSNSTAN-OALUTQOASA-N	P11511	=	6.954677
KBPPMMMKJPYVTI-OALUTQOASA-N	P11511	=	7.698970
XRZDGWACZRLVHP-OALUTQOASA-N	P11511	=	7.096910
MVAXWDUIVJXHHC-ABOBXUOQSA-N	P11511	=	7.244125
FZWHPBPVRBDEFM-UMIMZVJRSA-N	P11511	=	7.207608
IYYCIRLLVDXMID-UMIMZVJRSA-N	P11511	=	7.508638
OFMCSMLOQKMMIX-RGJWXQDMSA-N	P11511	=	7.744727
JRMDCZYZYPIPIQ-BIUJGKDFSA-N	P11511	=	7.161151
COACAQXAKJVJDT-UHFFFAOYSA-N	P11511	=	6.149997
DBGCKFSEECLNPY-UHFFFAOYSA-N	P11511	=	6.149997
OGWZEFRTWWIECN-UHFFFAOYSA-N	P11511	=	6.823909
URSRAYMEPZSERQ-UHFFFAOYSA-N	P11511	=	6.443697
GNWFZHJESCSHBC-UHFFFAOYSA-N	P11511	=	7.522879
COACAQXAKJVJDT-UHFFFAOYSA-N	P11511	=	6.148742
DBGCKFSEECLNPY-UHFFFAOYSA-N	P11511	=	6.148742
GNWFZHJESCSHBC-UHFFFAOYSA-N	P11511	=	7.599980
URSRAYMEPZSERQ-UHFFFAOYSA-N	P11511	=	6.450004
OGWZEFRTWWIECN-UHFFFAOYSA-N	P11511	=	6.840012
SQMROEFKVXRCDT-UHFFFAOYSA-N	P11511	=	5.850781
SQMROEFKVXRCDT-UHFFFAOYSA-N	P11511	=	5.849999
RMOAQOSNYRGTKX-UHFFFAOYSA-N	P11511	=	7.698970
GBAYOTCRJUOHJX-UHFFFAOYSA-N	P11511	=	6.193820
GBAYOTCRJUOHJX-UHFFFAOYSA-N	P11511	=	6.199998
RMOAQOSNYRGTKX-UHFFFAOYSA-N	P11511	=	7.659953
IWCMDTYRWZFWNU-UHFFFAOYSA-N	P04798	=	6.657577
WHKSEHKYYXHCTA-ONEGZZNKSA-N	P04798	=	7.045757
RTIXKCRFFJGDFG-UHFFFAOYSA-N	P04798	=	7.376751
KZNIFHPLKGYRTM-UHFFFAOYSA-N	P04798	=	6.408935
IQPNAANSBPBGFQ-UHFFFAOYSA-N	P04798	=	6.050610
FXNFHKRTJBSTCS-UHFFFAOYSA-N	P04798	=	5.913640
JVXZRQGOGOXCEC-UHFFFAOYSA-N	P04798	=	5.785156
DANYIYRPLHHOCZ-UHFFFAOYSA-N	P04798	=	7.346787
MBNGWHIJMBWFHU-UHFFFAOYSA-N	P04798	=	7.050610
KLAOKWJLUQKWIF-UHFFFAOYSA-N	P04798	=	6.677781
LYLDPYNWDVVPIQ-UHFFFAOYSA-N	P04798	=	6.200659
JPMYFOBNRRGFNO-UHFFFAOYSA-N	P04798	<	5.630784
IMEYGBIXGJLUIS-UHFFFAOYSA-N	P04798	<	6.096910
IYRMWMYZSQPJKC-UHFFFAOYSA-N	P04798	=	6.124939
REFJWTPEDVJJIY-UHFFFAOYSA-N	P04798	=	6.180456
IKMDFBPHZNJCSN-UHFFFAOYSA-N	P04798	=	6.431798
WWORACPMEHPZQP-UHFFFAOYSA-N	P04798	=	5.270000
AGEXGCQZPJCKJO-GOTSBHOMSA-N	P04798	=	4.510000
OCMGAXUTMOJVBQ-UHFFFAOYSA-N	P04798	=	6.886057
KUWZXOMQXYWKBS-NSCUHMNNSA-N	P04798	=	6.920819
IHVRWFJGOIWMGC-NSCUHMNNSA-N	P04798	=	6.795880
VLEUZFDZJKSGMX-ONEGZZNKSA-N	P04798	=	6.244125
KGQZGCIVHYLPBH-UHFFFAOYSA-N	P04798	<	3.698970
VFMMPHCGEFXGIP-UHFFFAOYSA-N	P04798	=	7.346787
JLXMVSQXHQXVQK-UHFFFAOYSA-N	P04798	=	6.568636
MTUMFLJDHUBKMO-UHFFFAOYSA-N	P04798	=	6.366532
PHJHYXAJAMTIKE-UHFFFAOYSA-N	P04798	=	6.958607
ATEBPIVIGFANOA-UHFFFAOYSA-N	P04798	=	6.327902
YNIIBMCFSBFPNP-UHFFFAOYSA-N	P04798	=	7.397940
GBOIYIBKDOOVMK-UHFFFAOYSA-N	P04798	=	5.910095
ANLRONCIIBPOAX-UHFFFAOYSA-N	P04798	=	4.598599
VLTRARVGWBVWFI-UHFFFAOYSA-N	P04798	=	4.735182
DITYIHNYZJISTQ-UHFFFAOYSA-N	P04798	=	3.958607
KFTQGCAPOXTSAY-UHFFFAOYSA-N	P04798	=	4.217527
SKHRKSXWAXSFQB-UHFFFAOYSA-N	P04798	=	4.920819
BTBAJGJFDBJCFW-UHFFFAOYSA-N	P04798	=	4.935542
PFFGIQUVLUEURV-UHFFFAOYSA-N	P04798	=	4.421361
KHCORNAUXGFUIC-UHFFFAOYSA-N	P04798	=	4.216811
ZBOZYJCZYHYHMH-UHFFFAOYSA-N	P04798	=	3.995679
DIINFHPVARLJSL-UHFFFAOYSA-N	P04798	<	3.698970
MYTRTEZPNKENOK-UHFFFAOYSA-N	P05177	=	5.700001
CKNAQFVBEHDJQV-UHFFFAOYSA-N	P05177	=	5.045757
YLJREFDVOIBQDA-UHFFFAOYSA-N	P05177	=	5.712198
KGQZGCIVHYLPBH-UHFFFAOYSA-N	P05177	=	5.522879
IWCMDTYRWZFWNU-UHFFFAOYSA-N	P05177	=	7.886057
KGQZGCIVHYLPBH-UHFFFAOYSA-N	P05177	=	4.638272
MWLSOWXNZPKENC-UHFFFAOYSA-N	P05177	=	3.931814
MWLSOWXNZPKENC-SSDOTTSWSA-N	P05177	=	4.180456
MWLSOWXNZPKENC-ZETCQYMHSA-N	P05177	=	4.007889
QRXWMOHMRWLFEY-UHFFFAOYSA-N	P05177	=	4.251812
OCMGAXUTMOJVBQ-UHFFFAOYSA-N	P05177	=	7.148742
YCQBLTPGQSYLHD-WCWDXBQESA-N	P05177	=	7.119186
VYSGWFCGFKTGQC-WCWDXBQESA-N	P05177	=	7.251812
PFWVGKROPKKEDW-UHFFFAOYSA-N	P05177	<	4.522879
MLRYWGXYDWMAGZ-RIJOFNGHSA-N	P05177	<	4.522879
KGQZGCIVHYLPBH-UHFFFAOYSA-N	P05177	=	4.167491
VFMMPHCGEFXGIP-UHFFFAOYSA-N	P05177	=	7.698970
JLXMVSQXHQXVQK-UHFFFAOYSA-N	P05177	=	7.236572
MTUMFLJDHUBKMO-UHFFFAOYSA-N	P05177	=	7.522879
PHJHYXAJAMTIKE-UHFFFAOYSA-N	P05177	=	7.853872
ATEBPIVIGFANOA-UHFFFAOYSA-N	P05177	=	7.356547
YNIIBMCFSBFPNP-UHFFFAOYSA-N	P05177	=	7.119186
GBOIYIBKDOOVMK-UHFFFAOYSA-N	P05177	=	7.045757
ANLRONCIIBPOAX-UHFFFAOYSA-N	P05177	=	5.889410
VLTRARVGWBVWFI-UHFFFAOYSA-N	P05177	=	5.764472
DITYIHNYZJISTQ-UHFFFAOYSA-N	P05177	=	5.821023
KFTQGCAPOXTSAY-UHFFFAOYSA-N	P05177	=	6.408935
SKHRKSXWAXSFQB-UHFFFAOYSA-N	P05177	=	5.299296
BTBAJGJFDBJCFW-UHFFFAOYSA-N	P05177	=	5.431798
PFFGIQUVLUEURV-UHFFFAOYSA-N	P05177	=	5.939302
KHCORNAUXGFUIC-UHFFFAOYSA-N	P05177	=	5.869666
ZBOZYJCZYHYHMH-UHFFFAOYSA-N	P05177	=	4.847712
DIINFHPVARLJSL-UHFFFAOYSA-N	P05177	=	5.449772
MTUMFLJDHUBKMO-UHFFFAOYSA-N	P05177	=	6.356547
ATEBPIVIGFANOA-UHFFFAOYSA-N	P05177	=	6.920819
XWZHCDCMXBLZFJ-UHFFFAOYSA-N	P05177	=	6.113509
RTIXKCRFFJGDFG-UHFFFAOYSA-N	Q16678	=	7.795880
KZNIFHPLKGYRTM-UHFFFAOYSA-N	Q16678	=	7.193820
IQPNAANSBPBGFQ-UHFFFAOYSA-N	Q16678	=	7.251812
FXNFHKRTJBSTCS-UHFFFAOYSA-N	Q16678	=	6.585027
JVXZRQGOGOXCEC-UHFFFAOYSA-N	Q16678	=	6.657577
DANYIYRPLHHOCZ-UHFFFAOYSA-N	Q16678	=	8.154902
MBNGWHIJMBWFHU-UHFFFAOYSA-N	Q16678	=	7.795880
KLAOKWJLUQKWIF-UHFFFAOYSA-N	Q16678	=	7.455932
LYLDPYNWDVVPIQ-UHFFFAOYSA-N	Q16678	=	6.173925
JPMYFOBNRRGFNO-UHFFFAOYSA-N	Q16678	<	5.630784
IMEYGBIXGJLUIS-UHFFFAOYSA-N	Q16678	<	6.096910
IYRMWMYZSQPJKC-UHFFFAOYSA-N	Q16678	=	7.366532
REFJWTPEDVJJIY-UHFFFAOYSA-N	Q16678	=	7.638272
IKMDFBPHZNJCSN-UHFFFAOYSA-N	Q16678	=	7.568636
KUWZXOMQXYWKBS-NSCUHMNNSA-N	Q16678	=	6.045757
IHVRWFJGOIWMGC-NSCUHMNNSA-N	Q16678	=	5.677781
VLEUZFDZJKSGMX-ONEGZZNKSA-N	Q16678	=	6.045757
KGQZGCIVHYLPBH-UHFFFAOYSA-N	Q16678	<	3.698970
VFMMPHCGEFXGIP-UHFFFAOYSA-N	Q16678	=	7.795880
JLXMVSQXHQXVQK-UHFFFAOYSA-N	Q16678	=	7.275724
MTUMFLJDHUBKMO-UHFFFAOYSA-N	Q16678	=	6.744727
PHJHYXAJAMTIKE-UHFFFAOYSA-N	Q16678	=	8.251812
ATEBPIVIGFANOA-UHFFFAOYSA-N	Q16678	=	7.000000
YNIIBMCFSBFPNP-UHFFFAOYSA-N	Q16678	=	6.920819
GBOIYIBKDOOVMK-UHFFFAOYSA-N	Q16678	=	6.318759
ANLRONCIIBPOAX-UHFFFAOYSA-N	Q16678	=	5.297569
VLTRARVGWBVWFI-UHFFFAOYSA-N	Q16678	=	4.673664
DITYIHNYZJISTQ-UHFFFAOYSA-N	Q16678	=	4.920819
KFTQGCAPOXTSAY-UHFFFAOYSA-N	Q16678	=	4.690370
SKHRKSXWAXSFQB-UHFFFAOYSA-N	Q16678	=	5.335358
BTBAJGJFDBJCFW-UHFFFAOYSA-N	Q16678	=	4.645892
PFFGIQUVLUEURV-UHFFFAOYSA-N	Q16678	=	5.127261
KHCORNAUXGFUIC-UHFFFAOYSA-N	Q16678	=	4.329754
ZBOZYJCZYHYHMH-UHFFFAOYSA-N	Q16678	=	4.331614
DIINFHPVARLJSL-UHFFFAOYSA-N	Q16678	=	4.521434
QMVYNHXRCVEECP-ZHACJKMWSA-N	Q07973	=	7.585027
JNCMZCZFSIAVQJ-BQYQJAHWSA-N	Q07973	=	7.508638
GDKHKECTYMDENM-VAWYXSNFSA-N	Q07973	=	7.853872
ILIVVUDENIQBQC-CMDGGOBGSA-N	Q07973	=	7.853872
QLAVBERHXIFWTE-BQYQJAHWSA-N	Q07973	=	7.431798
GNNRQYAVMPWBHZ-CMDGGOBGSA-N	Q07973	=	7.431798
WYFUXEOFECMHIM-BUHFOSPRSA-N	Q07973	=	6.468521
DDJXPAZBFKVUFW-ZHACJKMWSA-N	Q07973	=	6.136677
FKLWZMUIZNTDNM-CCEZHUSRSA-N	Q07973	=	6.638272
MKSOLNWGSYDLBC-VAWYXSNFSA-N	Q07973	=	6.130768
YUMFOVNZAQXMJR-FOCLMDBBSA-N	Q07973	=	6.267606
ZAHCTCYWUKEKPL-BUHFOSPRSA-N	Q07973	=	6.193820
RSTCRUIYHKRMAK-ZHACJKMWSA-N	Q07973	=	5.924453
XMAYWYJOQHXEEK-ZEQKJWHPSA-N	Q07973	=	7.455932
KWCRIIZRUZOWER-VOTSOKGWSA-N	Q07973	=	7.721246
BKDQKHUOYWGCKF-BQYQJAHWSA-N	Q07973	=	7.619789
ZMOAYVPFKZSDGH-CMDGGOBGSA-N	Q07973	=	8.107905
HUCXTWQGDIPUNL-MDZDMXLPSA-N	Q07973	=	8.013228
LQGYKHNSMDUBEX-UHFFFAOYSA-N	Q07973	=	7.443697
YCFUYXAFXKMNLF-UHFFFAOYSA-N	Q07973	=	7.040959
YUIOFRUXIVULPI-ZHACJKMWSA-N	Q07973	=	6.823909
DOJQWNADOXETEX-ZHACJKMWSA-N	Q07973	=	7.958607
PMPTWNKLAJIRNJ-ZHACJKMWSA-N	Q07973	=	6.397940
ZSIANVFNRRYAFE-VAWYXSNFSA-N	Q07973	=	6.420216
KZLMSTWEFNEKMF-BUHFOSPRSA-N	Q07973	=	6.677781
KIXFWNKODMHKOG-BVYMSHKCSA-N	Q07973	=	7.886057
ZAAYEEKCTMSQBP-UHFFFAOYSA-N	Q07973	=	7.376751
YIBVZVMKYAKPQY-VAWYXSNFSA-N	Q07973	=	7.552842
XMAYWYJOQHXEEK-ZEQKJWHPSA-N	Q07973	=	7.481486
AZKXCNCXNFDOFT-MXCOKSJOSA-N	Q07973	=	7.408935
FHDAHQFLZOYWQM-QDYAWOJKSA-N	Q07973	=	7.677781
FLEHQRTTWKDNGI-WSGFCWAJSA-N	Q07973	=	7.376751
QCHFTSOMWOSFHM-WPRPVWTQSA-N	Q16696	=	5.853872
SNICXCGAKADSCV-JTQLQIEISA-N	Q16696	=	4.142668
APJYDQYYACXCRM-UHFFFAOYSA-N	Q16696	=	4.795880
AELCINSCMGFISI-DTWKUNHWSA-N	Q16696	=	5.187087
QXKHYNVANLEOEG-UHFFFAOYSA-N	Q16696	=	7.397940
RYFOJXFXERAMLS-UHFFFAOYSA-N	Q16696	=	5.251812
YGWKXXYGDYYFJU-SSDOTTSWSA-N	Q16696	=	4.267606
BGNGWHSBYQYVRX-UHFFFAOYSA-N	Q16696	=	4.769551
IZJDOKYDEWTZSO-UHFFFAOYSA-N	Q16696	=	5.420216
XBSQDYZSJJZBOS-UHFFFAOYSA-N	P11509	=	5.251812
XZPLETXBRNFXDD-UHFFFAOYSA-N	P11509	=	4.453457
BGKUWZFWNZFRMO-UHFFFAOYSA-N	P11509	=	7.045757
NTEDXDYFBMNKGE-UHFFFAOYSA-N	P11509	=	6.050610
OFJZYKKOFXREQZ-UHFFFAOYSA-N	P11509	=	4.643974
FUHDBJVMRRGFTR-UHFFFAOYSA-N	P11509	=	5.853872
FQIYCUHXINPNFT-UHFFFAOYSA-N	P11509	=	4.958607
QDWDDWVYMAMPHH-UHFFFAOYSA-N	P11509	=	6.769551
OUEHWWLIEPNPDR-UHFFFAOYSA-N	P11509	=	6.229148
IMFKJIBLFGZFSW-UHFFFAOYSA-N	P11509	=	6.886057
RBKCNBISIDBWKZ-UHFFFAOYSA-N	P11509	=	6.283997
CWPOROUIZKNJHY-UHFFFAOYSA-N	P11509	=	6.638272
YIGMADWICHWLTQ-UHFFFAOYSA-N	P11509	=	6.769551
MNHXJOCWNHZKLQ-UHFFFAOYSA-N	P11509	=	6.602060
SNICXCGAKADSCV-JTQLQIEISA-N	P11509	=	5.356547
ZHBLIWDUZHFSJW-UHFFFAOYSA-N	P11509	=	5.920819
WPCSNGBKVXKBPU-UHFFFAOYSA-N	P11509	=	5.494850
JIOQSJVEVFADJG-UHFFFAOYSA-N	P11509	=	7.000000
RYGQGRAICBWYPW-UHFFFAOYSA-N	P11509	=	6.677781
IQQZVQCGMQNLDT-UHFFFAOYSA-N	P11509	<=	4.173925
APGMFUDNZZFAPS-UHFFFAOYSA-N	P11509	=	5.823909
DIQWXENHCURRML-UHFFFAOYSA-N	P11509	=	6.102373
YOYYBAFJQXCJDK-UHFFFAOYSA-N	P11509	=	5.853872
RNWSTVKLOPFKBR-UHFFFAOYSA-N	P11509	=	4.705534
FQCXYANVLWAPNK-UHFFFAOYSA-N	P11509	=	6.657577
UJFDLQZAPFUWOD-UHFFFAOYSA-N	P11509	=	6.013228
SZZPJMXTZGLMHG-UHFFFAOYSA-N	P11509	=	5.013228
IYAGRWHFCHXMGZ-UHFFFAOYSA-N	P11509	=	5.346787
RRFCTHIOMKUJRQ-UHFFFAOYSA-N	P11509	=	6.602060
KEERDUCTIKTUOE-UHFFFAOYSA-N	P11509	=	5.585027
YISGXSKMDDTTPE-UHFFFAOYSA-N	P11509	=	5.180456
UAFODGXPXFMOJK-UHFFFAOYSA-N	P11509	<=	4.173925
VEKIYFGCEAJDDT-UHFFFAOYSA-N	P11509	=	5.113509
CUFOFERURLMOCG-UHFFFAOYSA-N	P11509	=	4.359519
PSHHSLSNFBPXAN-UHFFFAOYSA-N	P11509	=	5.292430
GKRQVVOAAXTIGR-UHFFFAOYSA-N	P11509	=	5.568636
JGRRGVGXYDGQLG-UHFFFAOYSA-N	P11509	=	5.008774
DYEAIDZAOQKZJM-UHFFFAOYSA-N	P11509	=	5.744727
KQMVCAXWHXEDPU-UHFFFAOYSA-N	P11509	=	4.562249
OFDVABAUFQJWEZ-UHFFFAOYSA-N	P11509	=	5.958607
YCGSHYGAGAYBMU-UHFFFAOYSA-N	P11509	=	5.200659
TYVWGQYBWPFUKK-UHFFFAOYSA-N	P11509	=	4.351640
YFOKBFRTGLSZLU-UHFFFAOYSA-N	P11509	=	6.602060
CRTCNWBTASZQFC-UHFFFAOYSA-N	P11509	=	5.207608
HRTKQHILWNVFIX-KPKJPENVSA-N	P11509	=	6.619789
NJFOVAJRFITZIG-KPKJPENVSA-N	P11509	=	6.148742
NJFOVAJRFITZIG-GHXNOFRVSA-N	P11509	=	4.863279
JHLIGYPHPBLDDL-UHFFFAOYSA-N	P11509	=	7.698970
CKCZUAVVHJHNJY-UHFFFAOYSA-N	P11509	=	5.920819
LENAVORGWBTPJR-UHFFFAOYSA-N	P11509	=	7.397940
CNKITPGTFUUCMI-UHFFFAOYSA-N	P11509	=	5.823909
ORRUGQHSIXFFQF-UHFFFAOYSA-N	P11509	=	5.552842
ZSTXLHXHAPANSL-UHFFFAOYSA-N	P11509	=	6.744727
MDGMPFRIYUFRRX-UHFFFAOYSA-N	P11509	=	6.552842
JWRCUDVXZUHOJA-UHFFFAOYSA-N	P11509	=	4.653647
PJHSLLRNPASXIS-UHFFFAOYSA-N	P11509	=	4.326058
BWYNAQVMYILNCY-UHFFFAOYSA-O	P11509	=	6.886057
SECHDFHDDVELCV-UHFFFAOYSA-N	P11509	=	4.188425
JQGKKTUHZXGATO-UHFFFAOYSA-N	P11509	<=	4.173925
HBSOMQPAIFVKGZ-UHFFFAOYSA-N	P11509	=	6.207608
JHLIGYPHPBLDDL-UHFFFAOYSA-N	P11509	=	7.096910
HQTBIZDUNOAXTD-UHFFFAOYSA-N	P11509	=	6.397940
OTHCSWRZZBYQIQ-UHFFFAOYSA-N	P11509	=	6.522879
CORPZWBVJRCLMW-UHFFFAOYSA-N	P11509	=	5.180456
JJLMOUMOJSUSSX-UHFFFAOYSA-N	P11509	=	4.892790
MOUXQYCTQDNCAQ-UHFFFAOYSA-N	P11509	=	5.387216
ZDQZVKVIYAPRON-UHFFFAOYSA-N	P11509	=	5.481486
WHBGQMUVLIUNQW-UHFFFAOYSA-N	P11509	=	5.207608
PKRPFYKLLXGKDE-UHFFFAOYSA-N	P11509	=	6.221849
HQHHWOJYOUTZHZ-UHFFFAOYSA-N	P11509	=	6.221849
UITMTMQMFFBLFB-UHFFFAOYSA-N	P11509	=	4.856985
QSLAHFFHHYZNQL-UHFFFAOYSA-N	P11509	=	6.096910
GLMNDKCXHHOKIQ-UHFFFAOYSA-N	P11509	>	6.096910
RZXSREPAAUXUKM-UHFFFAOYSA-N	P11509	=	6.096910
RRFCTHIOMKUJRQ-UHFFFAOYSA-N	P11509	=	6.045757
YFOKBFRTGLSZLU-UHFFFAOYSA-N	P11509	=	6.096910
MNHXJOCWNHZKLQ-UHFFFAOYSA-N	P11509	=	6.154902
FQCXYANVLWAPNK-UHFFFAOYSA-N	P11509	=	6.154902
RYGQGRAICBWYPW-UHFFFAOYSA-N	P11509	=	6.221849
IMFKJIBLFGZFSW-UHFFFAOYSA-N	P11509	=	6.397940
JIOQSJVEVFADJG-UHFFFAOYSA-N	P11509	=	6.522879
OFJZYKKOFXREQZ-UHFFFAOYSA-N	P11509	=	4.170696
NTEDXDYFBMNKGE-UHFFFAOYSA-N	P11509	=	5.568636
BGKUWZFWNZFRMO-UHFFFAOYSA-N	P11509	=	6.522879
PJHSLLRNPASXIS-UHFFFAOYSA-N	P11509	=	4.847712
MDGMPFRIYUFRRX-UHFFFAOYSA-N	P11509	=	6.096910
LENAVORGWBTPJR-UHFFFAOYSA-N	P11509	=	7.000000
JWRCUDVXZUHOJA-UHFFFAOYSA-N	P11509	=	4.177178
ZSTXLHXHAPANSL-UHFFFAOYSA-N	P11509	=	6.221849
YGWKXXYGDYYFJU-UHFFFAOYSA-N	P11509	=	6.075721
QXKHYNVANLEOEG-UHFFFAOYSA-N	P11509	=	5.721246
ZCCUUQDIBDJBTK-UHFFFAOYSA-N	P11509	=	6.221849
GIJHDGJRTUSBJR-UHFFFAOYSA-N	P11509	=	4.935542
BGEBZHIAGXMEMV-UHFFFAOYSA-N	P11509	=	4.920819
BUNGCZLFHHXKBX-UHFFFAOYSA-N	P11509	=	4.568636
QXKHYNVANLEOEG-UHFFFAOYSA-N	P11509	=	5.721246
NIJJYAXOARWZEE-UHFFFAOYSA-N	P11509	=	2.038579
YGWKXXYGDYYFJU-UHFFFAOYSA-N	P11509	=	5.602060
QXKHYNVANLEOEG-UHFFFAOYSA-N	P11509	=	6.096910
QRXWMOHMRWLFEY-UHFFFAOYSA-N	P11509	=	4.221849
WDJLPQCBTBZTRH-UHFFFAOYSA-N	P11509	=	4.537602
OLNJUISKUQQNIM-UHFFFAOYSA-N	P11509	=	4.958607
WCCLQCBKBPTODV-UHFFFAOYSA-N	P11509	=	5.481486
IPAFHZDRYAWZOB-UHFFFAOYSA-N	P11509	=	5.065502
ADZUEEUKBYCSEY-UHFFFAOYSA-N	P11509	=	7.154902
SXFQAFFSEZRQCJ-UHFFFAOYSA-N	P11509	=	7.000000
LLLBDLDNTMMZHL-UHFFFAOYSA-N	P11509	=	7.154902
KHFQWFNNJCRAEH-UHFFFAOYSA-N	P11509	=	6.096910
HZFBTQKLAMCOQG-UHFFFAOYSA-N	P11509	=	6.221849
DVYWOASQESEKEC-UHFFFAOYSA-N	P11509	=	6.698970
VRNXLYAXYIHHHH-UHFFFAOYSA-N	P11509	=	7.045757
WVSKUUMKOLSXHM-UHFFFAOYSA-N	P11509	=	7.221849
WLWWQVDSQWYRIV-UHFFFAOYSA-N	P11509	=	7.154902
WKYFWFHTABURGB-UHFFFAOYSA-N	P11509	=	8.000000
NXSVNPSWARVMAY-UHFFFAOYSA-N	P11509	=	6.886057
LQLMHAYNFMAEHI-UHFFFAOYSA-N	P11509	=	5.823909
HGZQKYOLRLVMHZ-UHFFFAOYSA-N	P11509	=	5.619789
LLLBDLDNTMMZHL-UHFFFAOYSA-N	P11509	=	5.619789
SXFQAFFSEZRQCJ-UHFFFAOYSA-N	P11509	=	5.619789
SBNOTUDDIXOFSN-UHFFFAOYSA-N	P11509	=	5.619789
ADZUEEUKBYCSEY-UHFFFAOYSA-N	P11509	=	5.744727
LLLBDLDNTMMZHL-UHFFFAOYSA-N	P11509	=	5.259637
HZFBTQKLAMCOQG-UHFFFAOYSA-N	P11509	=	6.301030
WVSKUUMKOLSXHM-UHFFFAOYSA-N	P11509	=	5.376751
WLWWQVDSQWYRIV-UHFFFAOYSA-N	P11509	=	5.958607
DVYWOASQESEKEC-UHFFFAOYSA-N	P11509	=	6.096910
VRNXLYAXYIHHHH-UHFFFAOYSA-N	P11509	=	5.221849
SXFQAFFSEZRQCJ-UHFFFAOYSA-N	P11509	=	6.698970
YCQBLTPGQSYLHD-WCWDXBQESA-N	P11509	=	5.661544
VYSGWFCGFKTGQC-WCWDXBQESA-N	P11509	=	6.148742
SNICXCGAKADSCV-JTQLQIEISA-N	P11509	=	3.886057
APJYDQYYACXCRM-UHFFFAOYSA-N	P11509	=	5.769551
QXKHYNVANLEOEG-UHFFFAOYSA-N	P11509	=	6.602060
QCHFTSOMWOSFHM-WPRPVWTQSA-N	P11509	=	5.522879
RYFOJXFXERAMLS-UHFFFAOYSA-N	P11509	=	5.124939
IZJDOKYDEWTZSO-UHFFFAOYSA-N	P11509	=	5.769551
BGNGWHSBYQYVRX-UHFFFAOYSA-N	P11509	=	5.443697
YGWKXXYGDYYFJU-SSDOTTSWSA-N	P11509	=	5.698970
AELCINSCMGFISI-DTWKUNHWSA-N	P11509	=	6.886057
JHLIGYPHPBLDDL-UHFFFAOYSA-N	P20813	=	4.583359
HQTBIZDUNOAXTD-UHFFFAOYSA-N	P20813	=	4.472370
OTHCSWRZZBYQIQ-UHFFFAOYSA-N	P20813	=	4.478862
CORPZWBVJRCLMW-UHFFFAOYSA-N	P20813	<	3.397940
JJLMOUMOJSUSSX-UHFFFAOYSA-N	P20813	=	4.145694
MOUXQYCTQDNCAQ-UHFFFAOYSA-N	P20813	=	4.361511
ZDQZVKVIYAPRON-UHFFFAOYSA-N	P20813	=	4.853872
WHBGQMUVLIUNQW-UHFFFAOYSA-N	P20813	=	5.292430
PKRPFYKLLXGKDE-UHFFFAOYSA-N	P20813	=	6.221849
HQHHWOJYOUTZHZ-UHFFFAOYSA-N	P20813	=	5.420216
UITMTMQMFFBLFB-UHFFFAOYSA-N	P20813	=	5.275724
QSLAHFFHHYZNQL-UHFFFAOYSA-N	P20813	=	4.328827
GLMNDKCXHHOKIQ-UHFFFAOYSA-N	P20813	=	5.958607
RZXSREPAAUXUKM-UHFFFAOYSA-N	P20813	=	6.045757
RRFCTHIOMKUJRQ-UHFFFAOYSA-N	P20813	=	5.508638
YFOKBFRTGLSZLU-UHFFFAOYSA-N	P20813	=	4.288193
MNHXJOCWNHZKLQ-UHFFFAOYSA-N	P20813	<	3.522879
FQCXYANVLWAPNK-UHFFFAOYSA-N	P20813	=	4.522879
RYGQGRAICBWYPW-UHFFFAOYSA-N	P20813	=	5.229148
IMFKJIBLFGZFSW-UHFFFAOYSA-N	P20813	=	4.136677
JIOQSJVEVFADJG-UHFFFAOYSA-N	P20813	=	5.721246
OFJZYKKOFXREQZ-UHFFFAOYSA-N	P20813	=	3.716699
NTEDXDYFBMNKGE-UHFFFAOYSA-N	P20813	=	4.221849
BGKUWZFWNZFRMO-UHFFFAOYSA-N	P20813	=	4.083546
PJHSLLRNPASXIS-UHFFFAOYSA-N	P20813	<	3.397940
MDGMPFRIYUFRRX-UHFFFAOYSA-N	P20813	=	3.747147
LENAVORGWBTPJR-UHFFFAOYSA-N	P20813	=	4.019997
ZSTXLHXHAPANSL-UHFFFAOYSA-N	P20813	<	3.397940
JWRCUDVXZUHOJA-UHFFFAOYSA-N	P20813	<	3.397940
BCEHBSKCWLPMDN-MGPLVRAMSA-N	P20813	=	6.397940
BCEHBSKCWLPMDN-MGPLVRAMSA-N	P20813	=	6.468521
DBMJZOMNXBSRED-OQLLNIDSSA-N	P20813	=	5.283997
JTJMJGYZQZDUJJ-UHFFFAOYSA-N	P20813	=	5.000000
HORGQLWAZQOQNU-UHFFFAOYSA-N	P20813	=	5.920819
FOCVUCIESVLUNU-UHFFFAOYSA-N	P20813	=	4.301030
BFPYWIDHMRZLRN-SLHNCBLASA-N	P20813	=	6.096910
BFPYWIDHMRZLRN-SLHNCBLASA-N	P20813	=	6.045757
NKANXQFJJICGDU-QPLCGJKRSA-N	P20813	=	6.045757
REMQOMJHQAJIFP-UHFFFAOYSA-N	P20813	=	5.292430
PHWBOXQYWZNQIN-UHFFFAOYSA-N	P20813	=	6.698970
PHWBOXQYWZNQIN-UHFFFAOYSA-N	P20813	=	6.096910
FOCVUCIESVLUNU-UHFFFAOYSA-N	P20813	=	5.420216
FOCVUCIESVLUNU-UHFFFAOYSA-N	P20813	=	5.657577
GKTWGGQPFAXNFI-HNNXBMFYSA-N	P20813	=	6.301030
GKTWGGQPFAXNFI-HNNXBMFYSA-N	P20813	=	5.958607
GKTWGGQPFAXNFI-HNNXBMFYSA-N	P20813	=	6.301030
PFWVGKROPKKEDW-UHFFFAOYSA-N	P20813	<	4.522879
MLRYWGXYDWMAGZ-RIJOFNGHSA-N	P20813	<	4.522879
USSIQXCVUWKGNF-UHFFFAOYSA-N	P20813	=	5.000000
BLUAFEHZUWYNDE-DKGJTOOQSA-N	P20813	=	5.337242
JHLIGYPHPBLDDL-UHFFFAOYSA-N	P33261	=	6.000000
HQTBIZDUNOAXTD-UHFFFAOYSA-N	P33261	=	4.560667
OTHCSWRZZBYQIQ-UHFFFAOYSA-N	P33261	=	4.383000
CORPZWBVJRCLMW-UHFFFAOYSA-N	P33261	<	3.397940
JJLMOUMOJSUSSX-UHFFFAOYSA-N	P33261	=	3.962574
MOUXQYCTQDNCAQ-UHFFFAOYSA-N	P33261	<	3.397940
ZDQZVKVIYAPRON-UHFFFAOYSA-N	P33261	=	3.970616
WHBGQMUVLIUNQW-UHFFFAOYSA-N	P33261	<	3.397940
PKRPFYKLLXGKDE-UHFFFAOYSA-N	P33261	=	6.045757
HQHHWOJYOUTZHZ-UHFFFAOYSA-N	P33261	=	4.387216
UITMTMQMFFBLFB-UHFFFAOYSA-N	P33261	=	6.154902
QSLAHFFHHYZNQL-UHFFFAOYSA-N	P33261	=	5.154902
GLMNDKCXHHOKIQ-UHFFFAOYSA-N	P33261	=	6.698970
RZXSREPAAUXUKM-UHFFFAOYSA-N	P33261	=	5.408935
RRFCTHIOMKUJRQ-UHFFFAOYSA-N	P33261	=	4.903090
YFOKBFRTGLSZLU-UHFFFAOYSA-N	P33261	=	4.571865
MNHXJOCWNHZKLQ-UHFFFAOYSA-N	P33261	<	3.522879
FQCXYANVLWAPNK-UHFFFAOYSA-N	P33261	=	4.254925
RYGQGRAICBWYPW-UHFFFAOYSA-N	P33261	=	4.677781
IMFKJIBLFGZFSW-UHFFFAOYSA-N	P33261	=	4.214670
JIOQSJVEVFADJG-UHFFFAOYSA-N	P33261	=	4.995679
OFJZYKKOFXREQZ-UHFFFAOYSA-N	P33261	<	3.397940
NTEDXDYFBMNKGE-UHFFFAOYSA-N	P33261	=	4.785156
BGKUWZFWNZFRMO-UHFFFAOYSA-N	P33261	=	4.889410
PJHSLLRNPASXIS-UHFFFAOYSA-N	P33261	=	4.102373
MDGMPFRIYUFRRX-UHFFFAOYSA-N	P33261	=	4.815309
LENAVORGWBTPJR-UHFFFAOYSA-N	P33261	=	4.958607
JWRCUDVXZUHOJA-UHFFFAOYSA-N	P33261	=	4.275724
ZSTXLHXHAPANSL-UHFFFAOYSA-N	P33261	=	4.524329
OIJBSUIRLBECOE-UHFFFAOYSA-N	P33261	=	6.602060
YYCGWGOHBVCWRJ-UHFFFAOYSA-N	P33261	=	4.886057
ZCILOHLPICXOCO-UHFFFAOYSA-N	P33261	=	4.886057
QLUUKNMPBTWGBB-UHFFFAOYSA-N	P33261	=	5.142668
YHTKTSKKNRXRKB-UHFFFAOYSA-N	P33261	=	5.346787
ZLFHFSFUVQFMLE-UHFFFAOYSA-N	P33261	=	5.346787
IYNHKLPROIXZDF-UHFFFAOYSA-N	P33261	=	5.431798
BCQDWIKXULTIHQ-UHFFFAOYSA-N	P33261	=	5.602060
AXXXUMWURVOUSY-UHFFFAOYSA-N	P33261	=	5.619789
NMQOOZHZUVRLGP-UHFFFAOYSA-N	P33261	=	5.795880
BFNPMHRTUYWBIA-UHFFFAOYSA-N	P33261	=	6.431798
XJYGBWCERLPZTG-UHFFFAOYSA-N	P33261	=	6.522879
QDFXYZHYSUTYPW-UHFFFAOYSA-N	P33261	=	7.481486
WHQCHUCQKNIQEC-UHFFFAOYSA-N	P33261	=	5.431798
DZVQJRKACDFACI-UHFFFAOYSA-N	P33261	=	4.102373
ZMZDHUHMXXALFX-UHFFFAOYSA-N	P33261	=	3.602060
BCEHBSKCWLPMDN-MGPLVRAMSA-N	P33261	=	5.292430
XUYURJQIMYCWBB-UHFFFAOYSA-N	P33261	=	5.585027
HUPNMGIBODMDOH-UHFFFAOYSA-N	P33261	=	6.154902
PHWBOXQYWZNQIN-UHFFFAOYSA-N	P33261	=	4.060481
QRXWMOHMRWLFEY-UHFFFAOYSA-N	P33261	=	5.000000
CZSQXDMMIUJHSK-UHFFFAOYSA-N	P33261	=	4.371611
TYVFYXGXKSBOIK-UHFFFAOYSA-N	P33261	=	5.319664
SUMJDTVJSTZJFC-UHFFFAOYSA-N	P33261	=	6.124939
JEZZAOQPWKKIKT-UHFFFAOYSA-N	P33261	=	7.221849
VXHDUQXXAHZWMP-UHFFFAOYSA-N	P33261	=	7.154902
BLUDPRGGEJCLGM-UHFFFAOYSA-N	P33261	=	7.301030
ZEGLOXZHHNZQFC-UHFFFAOYSA-N	P33261	=	7.221849
ZWFGREILWFKZPZ-UHFFFAOYSA-N	P33261	=	6.000000
BNQHARADWSRQDE-UHFFFAOYSA-N	P33261	=	5.712198
CXDABZKLWORATA-UHFFFAOYSA-N	P33261	=	6.853872
FUVYXGUCJOVMNB-UHFFFAOYSA-N	P33261	=	4.301030
SEPBORGDHRCCDG-UHFFFAOYSA-N	P33261	=	4.389340
OEFRKYNZBGSTRS-UHFFFAOYSA-N	P33261	=	5.958607
HRUYBRGMRSNLNW-UHFFFAOYSA-N	P33261	=	6.886057
OLVGVEZGCNJPGR-UHFFFAOYSA-N	P33261	=	7.397940
OUXJOASRGMYGSX-UHFFFAOYSA-N	P33261	=	6.698970
ZBCSNQSIGXWJKU-UHFFFAOYSA-N	P33261	=	7.000000
LWYPYTJNIOQAJR-UHFFFAOYSA-N	P33261	=	7.154902
FBPRLONMUCVTOT-UHFFFAOYSA-N	P33261	=	7.397940
IEQJLSGPTIUFRS-UHFFFAOYSA-N	P33261	=	4.301030
WXFIODYGMHZQAT-UHFFFAOYSA-N	P33261	=	7.154902
LISPYUNURYPUOP-UHFFFAOYSA-N	P33261	=	7.154902
WSFARKDYYPRFAQ-UHFFFAOYSA-N	P33261	=	7.221849
CTYYDYWKCWWQAM-UHFFFAOYSA-N	P33261	=	6.070581
VWGACEKTAOFWMP-UHFFFAOYSA-N	P33261	=	7.301030
KUIKUTZPAAIPGN-UHFFFAOYSA-N	P33261	=	6.508638
ASVPNBDOVHTUEM-UHFFFAOYSA-N	P33261	=	5.614394
NCPZEGFWCSOTGE-UHFFFAOYSA-N	P33261	=	4.962574
PLITYYGQMDTHMM-UHFFFAOYSA-N	P33261	=	7.301030
RRLQDVNNRUSNKR-UHFFFAOYSA-N	P33261	=	7.698970
RDJRSUIPIPBMAH-UHFFFAOYSA-N	P33261	=	5.494850
XLAHUVMRXXMPOW-UHFFFAOYSA-N	P33261	=	5.004365
GKTWGGQPFAXNFI-HNNXBMFYSA-N	P33261	=	4.844664
PHWBOXQYWZNQIN-UHFFFAOYSA-N	P33261	=	5.481486
PFWVGKROPKKEDW-UHFFFAOYSA-N	P33261	<	4.522879
MLRYWGXYDWMAGZ-RIJOFNGHSA-N	P33261	<	4.522879
IYIKLHRQXLHMJQ-UHFFFAOYSA-N	P10632	=	4.290730
RMUCZJUITONUFY-UHFFFAOYSA-N	P10632	=	4.265200
RTHCYVBBDHJXIQ-UHFFFAOYSA-N	P10632	=	3.531653
PHVGLTMQBUFIQQ-UHFFFAOYSA-N	P10632	=	4.301899
SGTNSNPWRIOYBX-UHFFFAOYSA-N	P10632	=	4.756962
IYIKLHRQXLHMJQ-UHFFFAOYSA-N	P10632	=	5.823909
QRXWMOHMRWLFEY-UHFFFAOYSA-N	P10632	=	3.427128
RMUCZJUITONUFY-UHFFFAOYSA-N	P10632	=	5.920819
QRXWMOHMRWLFEY-UHFFFAOYSA-N	P10632	=	3.769551
CJMNXSKEVNPQOK-LVEJAMMSSA-N	P10632	=	4.698970
PCYLEFFJTKIWON-UHFFFAOYSA-N	P10632	=	4.498941
LBFBRXGCXUHRJY-HKHDRNBDSA-M	P10632	=	4.958607
PFWVGKROPKKEDW-UHFFFAOYSA-N	P10632	=	5.958607
MLRYWGXYDWMAGZ-RIJOFNGHSA-N	P10632	=	5.568636
PFWVGKROPKKEDW-UHFFFAOYSA-N	P10632	=	5.221849
MLRYWGXYDWMAGZ-RIJOFNGHSA-N	P10632	=	5.161151
PFWVGKROPKKEDW-UHFFFAOYSA-N	P10632	=	5.744727
MLRYWGXYDWMAGZ-RIJOFNGHSA-N	P10632	=	5.136677
ITRHMRDQFXQTDH-WFASDCNBSA-N	P11712	=	5.522879
ITRHMRDQFXQTDH-SWLSCSKDSA-N	P11712	=	6.397940
KPEHKYBVRDXSBF-AWEZNQCLSA-N	P11712	=	5.221849
SUISXDGOTOGLMY-CQSZACIVSA-N	P11712	=	4.853872
ZGFASEKBKWVCGP-MGPUTAFESA-N	P11712	=	5.154902
ANQUNFGHLMJAQW-UHFFFAOYSA-N	P11712	=	5.823909
SIKBGJGGGFIHNU-UHFFFAOYSA-N	P11712	=	6.397940
ZGFASEKBKWVCGP-YWZLYKJASA-N	P11712	=	4.698970
ITRHMRDQFXQTDH-IUODEOHRSA-N	P11712	=	5.522879
CXOFVDLJLONNDW-UHFFFAOYSA-N	P11712	=	5.000000
DOBMPNYZJYQDGZ-UHFFFAOYSA-N	P11712	=	6.221849
FGAWENWBTHQLEE-MRXNPFEDSA-N	P11712	=	5.000000
LSCYDZJASSKSMJ-KTQQKIMGSA-N	P11712	=	4.602060
SUISXDGOTOGLMY-AWEZNQCLSA-N	P11712	=	7.000000
QNDUUBVQYBBRBW-CYBMUJFWSA-N	P11712	=	6.301030
ZAVDTCPEZPZVBY-UHFFFAOYSA-N	P11712	=	5.522879
ZGFASEKBKWVCGP-FOIQADDNSA-N	P11712	=	5.823909
ITRHMRDQFXQTDH-DOMZBBRYSA-N	P11712	=	7.000000
QNDUUBVQYBBRBW-CYBMUJFWSA-N	P11712	=	4.744727
KPEHKYBVRDXSBF-CQSZACIVSA-N	P11712	=	4.886057
FGAWENWBTHQLEE-MRXNPFEDSA-N	P11712	=	5.619789
JPKBBJYSWGOUTM-UHFFFAOYSA-N	P11712	=	5.958607
LSCYDZJASSKSMJ-MJTSIZKDSA-N	P11712	=	5.154902
ZGFASEKBKWVCGP-MGPUTAFESA-N	P11712	=	5.958607
KPJFXKVKRXVOLK-MRXNPFEDSA-N	P11712	=	4.537602
HEFNNWSXXWATRW-UHFFFAOYSA-N	P11712	=	4.301030
QWCJHSGMANYXCW-UHFFFAOYSA-N	P11712	=	6.698970
IHVDVZPOENSTCW-UHFFFAOYSA-N	P11712	=	4.602060
RBVJXNCNDZWHBI-UHFFFAOYSA-N	P11712	=	5.522879
OQNVBORLRXZCSQ-UHFFFAOYSA-N	P11712	=	4.823909
KPJFXKVKRXVOLK-INIZCTEOSA-N	P11712	=	4.677781
GCRYKXLRCQDDAD-UHFFFAOYSA-N	P11712	=	5.698970
JLRGJRBPOGGCBT-UHFFFAOYSA-N	P11712	=	4.154902
RJLOGIRVRZRGTI-UHFFFAOYSA-N	P11712	=	4.318759
VVUQNTKYPPFMID-UHFFFAOYSA-N	P11712	=	7.000000
OLLQMBQGLMFUIZ-UHFFFAOYSA-N	P11712	=	4.744727
MNYODOURDCENAM-UHFFFAOYSA-N	P11712	=	5.154902
YREVRIGMPLWYLA-UHFFFAOYSA-N	P11712	=	5.619789
AGHANLSBXUWXTB-UHFFFAOYSA-N	P11712	=	4.958607
JSJQNYIFLKCXRE-UHFFFAOYSA-N	P11712	=	5.698970
MDKGKXOCJGEUJW-UHFFFAOYSA-N	P11712	=	4.346787
QKHCGTBZNDYWTO-UHFFFAOYSA-N	P11712	=	4.744727
WXSPNBONESSMPB-UHFFFAOYSA-N	P11712	=	5.221849
IQPSEEYGBUAQFF-AREMUKBSSA-N	P11712	=	3.838632
VYMDGNCVAMGZFE-UHFFFAOYSA-N	P11712	=	4.721246
YGBVHFMFHBRKQV-FAEJEUNOSA-N	P11712	=	4.866461
AEOODTLWMHKEOP-GIESBBMHSA-N	P11712	=	4.795880
YEEZWCHGZNKEEK-UHFFFAOYSA-N	P11712	=	5.602060
REFJWTPEDVJJIY-UHFFFAOYSA-N	P11712	=	4.568636
ONXDCEYKZWLBBI-SANMLTNESA-N	P11712	=	4.193820
SUBDBMMJDZJVOS-UHFFFAOYSA-N	P11712	=	4.346787
ONXDCEYKZWLBBI-AREMUKBSSA-N	P11712	=	3.853872
ZGFASEKBKWVCGP-FOIQADDNSA-N	P11712	=	4.795880
YREYEVIYCVEVJK-VWLOTQADSA-N	P11712	=	4.431798
RJKFOVLPORLFTN-LEKSSAKUSA-N	P11712	=	5.259637
SCDXMQOKVWBFBD-UHFFFAOYSA-N	P11712	=	3.903090
IYRMWMYZSQPJKC-UHFFFAOYSA-N	P11712	=	5.221849
DOBMPNYZJYQDGZ-UHFFFAOYSA-N	P11712	=	5.721246
CXOFVDLJLONNDW-UHFFFAOYSA-N	P11712	=	5.221849
FJLGEFLZQAZZCD-VVZAMHAXSA-N	P11712	=	5.481486
PJVWKTKQMONHTI-UHFFFAOYSA-N	P11712	=	4.698970
NVCGWLCECLMZCC-UHFFFAOYSA-N	P11712	=	4.769551
LOUPRKONTZGTKE-LHHVKLHASA-N	P11712	=	4.494850
YREYEVIYCVEVJK-RUZDIDTESA-N	P11712	=	4.443697
BYBLEWFAAKGYCD-SFHVURJKSA-N	P11712	=	5.221849
MBGCVMRGYAYUQK-UHFFFAOYSA-N	P11712	=	4.698970
BYBLEWFAAKGYCD-GOSISDBHSA-N	P11712	=	5.221849
QWCJHSGMANYXCW-UHFFFAOYSA-N	P11712	=	6.301030
DIUOJMLXZJHNDR-XMMPIXPASA-N	P11712	=	4.031517
IXEQEYRTSRFZEO-UHFFFAOYSA-N	P11712	=	4.455932
WJCNZQLZVWNLKY-UHFFFAOYSA-N	P11712	=	3.610834
DIUOJMLXZJHNDR-DEOSSOPVSA-N	P11712	=	4.221849
IQPSEEYGBUAQFF-SANMLTNESA-N	P11712	=	4.193820
CJOFXWAVKWHTFT-XSFVSMFZSA-N	P11712	=	5.070581
WKSAUQYGYAYLPV-UHFFFAOYSA-N	P11712	=	4.288193
FJLGEFLZQAZZCD-FUTHQCHMSA-N	P11712	=	5.657577
ZBBHBTPTTSWHBA-UHFFFAOYSA-N	P11712	=	6.552842
JHLIGYPHPBLDDL-UHFFFAOYSA-N	P11712	=	5.346787
HQTBIZDUNOAXTD-UHFFFAOYSA-N	P11712	=	4.838632
OTHCSWRZZBYQIQ-UHFFFAOYSA-N	P11712	=	4.616185
CORPZWBVJRCLMW-UHFFFAOYSA-N	P11712	<	3.397940
JJLMOUMOJSUSSX-UHFFFAOYSA-N	P11712	=	3.764472
MOUXQYCTQDNCAQ-UHFFFAOYSA-N	P11712	=	4.288193
ZDQZVKVIYAPRON-UHFFFAOYSA-N	P11712	=	3.950782
WHBGQMUVLIUNQW-UHFFFAOYSA-N	P11712	<	3.397940
PKRPFYKLLXGKDE-UHFFFAOYSA-N	P11712	=	6.301030
HQHHWOJYOUTZHZ-UHFFFAOYSA-N	P11712	=	6.045757
UITMTMQMFFBLFB-UHFFFAOYSA-N	P11712	=	5.886057
QSLAHFFHHYZNQL-UHFFFAOYSA-N	P11712	=	4.850781
GLMNDKCXHHOKIQ-UHFFFAOYSA-N	P11712	=	6.397940
RZXSREPAAUXUKM-UHFFFAOYSA-N	P11712	=	5.537602
RRFCTHIOMKUJRQ-UHFFFAOYSA-N	P11712	=	4.211125
YFOKBFRTGLSZLU-UHFFFAOYSA-N	P11712	=	4.679854
MNHXJOCWNHZKLQ-UHFFFAOYSA-N	P11712	<	3.522879
FQCXYANVLWAPNK-UHFFFAOYSA-N	P11712	=	4.316953
RYGQGRAICBWYPW-UHFFFAOYSA-N	P11712	<	3.397940
IMFKJIBLFGZFSW-UHFFFAOYSA-N	P11712	=	4.401209
JIOQSJVEVFADJG-UHFFFAOYSA-N	P11712	=	4.331614
NTEDXDYFBMNKGE-UHFFFAOYSA-N	P11712	=	5.200659
BGKUWZFWNZFRMO-UHFFFAOYSA-N	P11712	=	5.920819
PJHSLLRNPASXIS-UHFFFAOYSA-N	P11712	=	3.954677
MDGMPFRIYUFRRX-UHFFFAOYSA-N	P11712	=	4.419075
JWRCUDVXZUHOJA-UHFFFAOYSA-N	P11712	=	3.987163
ZSTXLHXHAPANSL-UHFFFAOYSA-N	P11712	=	4.469800
OFJZYKKOFXREQZ-UHFFFAOYSA-N	P11712	<	3.397940
LENAVORGWBTPJR-UHFFFAOYSA-N	P11712	=	5.229148
QDFXYZHYSUTYPW-UHFFFAOYSA-N	P11712	=	7.397940
WHQCHUCQKNIQEC-UHFFFAOYSA-N	P11712	=	7.721246
XJJYCCQIXOJVOA-UHFFFAOYSA-O	P11712	=	-1.701700
WFYFFDGAUXLSKD-UHFFFAOYSA-N	P11712	=	-5.136100
UYODSQCNQWMWRW-MFKUBSTISA-N	P11712	=	-4.852000
ZXBIDGKWGBFABB-UHFFFAOYSA-N	P11712	=	-5.838600
YEZNLOUZAIOMLT-UHFFFAOYSA-N	P11712	=	-5.730500
FNEBLCTZWCYYMQ-UHFFFAOYSA-N	P11712	=	-5.267600
LPEPZBJOKDYZAD-UHFFFAOYSA-N	P11712	=	-5.064100
ZTBDOMLKLUJPEO-UHFFFAOYSA-N	P11712	=	-4.318800
WHQCHUCQKNIQEC-UHFFFAOYSA-N	P11712	=	7.721246
FTQYGEYRXKSJCF-UHFFFAOYSA-N	P11712	=	6.995679
WHQCHUCQKNIQEC-UHFFFAOYSA-N	P11712	=	7.721246
FSJXKEUWZMBLRI-UHFFFAOYSA-N	P11712	=	7.387216
PIIUJRTVLCEDFP-UHFFFAOYSA-N	P11712	=	6.183096
UZLYECFVTRQAGK-UHFFFAOYSA-N	P11712	=	5.847712
AAGFKIAJODMWLA-UHFFFAOYSA-N	P11712	=	5.171340
FTQYGEYRXKSJCF-UHFFFAOYSA-N	P11712	=	6.995679
UQTXCTDQSVOMGL-UHFFFAOYSA-N	P11712	=	8.376751
RACLXXYRSMMTML-UHFFFAOYSA-N	P11712	=	7.638272
CHWMNQVIRBLFRQ-UHFFFAOYSA-N	P11712	=	5.226945
YKEFZPVBNQHTIE-UHFFFAOYSA-N	P11712	=	7.353204
TWTSALGITAINNL-UHFFFAOYSA-N	P11712	=	5.505845
LKZFIWLDWPZKDG-UHFFFAOYSA-N	P11712	=	5.188425
XXAWBUPRPQJWCR-UHFFFAOYSA-N	P11712	=	5.312471
FVUMTXYDTUEXFI-UHFFFAOYSA-N	P11712	=	5.011441
VHHDPOBUOJQKKL-UHFFFAOYSA-N	P11712	=	4.626904
WCGQRYASVNTPIS-UHFFFAOYSA-N	P11712	=	5.435334
XJYQGVZXEQCTBM-UHFFFAOYSA-N	P11712	=	4.618344
PDLUQJSMGRHYKZ-UHFFFAOYSA-N	P11712	=	4.118102
YXZJUQUWZSYHIA-UHFFFAOYSA-N	P11712	=	7.481486
UVWWPWJXPUFPMJ-UHFFFAOYSA-N	P11712	=	5.939302
VWERNWBTANWABF-UHFFFAOYSA-N	P11712	=	4.971836
ZDNTVQRVHFQZNJ-UHFFFAOYSA-N	P11712	=	6.903090
XDCHVRRDWQKJIK-UHFFFAOYSA-N	P11712	=	6.818156
VZGLTAHUHVAQRG-UHFFFAOYSA-N	P11712	<	4.361511
HNHSNBXXGBXNBF-UHFFFAOYSA-N	P11712	=	7.000000
UPGHIKIDTQLIQZ-UHFFFAOYSA-N	P11712	=	5.391474
SHTNYXONMHVSAZ-UHFFFAOYSA-N	P11712	=	5.459671
YZXHBUHLBUXXLU-UHFFFAOYSA-N	P11712	=	7.958607
RWSUTJCZVCXQIB-UHFFFAOYSA-N	P11712	=	5.068034
FSSBBJDSNDJSNN-UHFFFAOYSA-N	P11712	<	4.686133
WSNARPJSSRUSTG-UHFFFAOYSA-N	P11712	=	7.920819
LTAVMGJPWSCBBM-UHFFFAOYSA-N	P11712	=	5.723538
ZSUWVJSODXFFGX-UHFFFAOYSA-N	P11712	=	8.045757
SYZSHYVQKXQTTJ-UHFFFAOYSA-N	P11712	<	4.421934
VDORHAPUWSRGAH-UHFFFAOYSA-N	P11712	=	5.903090
JHRWVWRGDXJRFM-UHFFFAOYSA-N	P11712	=	5.879426
VMHOTPJGIAYVFV-UHFFFAOYSA-N	P11712	=	5.002614
ZDNTVQRVHFQZNJ-UHFFFAOYSA-N	P11712	=	6.946922
BCEHBSKCWLPMDN-MGPLVRAMSA-N	P11712	=	5.552842
SEBFKMXJBCUCAI-UHFFFAOYSA-N	P11712	=	5.301030
MDKGKXOCJGEUJW-UHFFFAOYSA-N	P11712	=	5.431798
AGHANLSBXUWXTB-UHFFFAOYSA-N	P11712	=	5.366532
XTRUQJBVQBUKSQ-UHFFFAOYSA-N	P11712	=	7.000000
QRYRORQUOLYVBU-VBKZILBWSA-N	P11712	=	5.036212
PEYUIKBAABKQKQ-WZBLMQSHSA-N	P11712	=	5.167491
LBFBRXGCXUHRJY-HKHDRNBDSA-M	P11712	=	5.130768
PFWVGKROPKKEDW-UHFFFAOYSA-N	P11712	<	4.522879
MLRYWGXYDWMAGZ-RIJOFNGHSA-N	P11712	<	4.522879
CGHOWGJLDMCVSF-UHFFFAOYSA-N	P10635	=	5.000000
DFSRXCJDESMUAU-UHFFFAOYSA-N	P10635	=	5.000000
BBODCZQPKZEGJT-UHFFFAOYSA-N	P10635	=	5.522879
IVZIIWNEAMMPEW-UHFFFAOYSA-N	P10635	=	5.154902
PMSAMVJYHNSFSW-UHFFFAOYSA-N	P10635	=	4.522879
VFYCGVBGJYLYRZ-UHFFFAOYSA-N	P10635	=	6.000000
MKEWYBFIYZBBHN-UHFFFAOYSA-N	P10635	=	5.397940
DUVOINUOAIPORF-UHFFFAOYSA-N	P10635	=	5.397940
QSWVZGWTRXSHTG-UHFFFAOYSA-N	P10635	=	5.301030
LRGXNDRYQBWFPC-UHFFFAOYSA-N	P10635	=	5.698970
JQOSVHLPEYZCRY-UHFFFAOYSA-N	P10635	=	6.154902
PAKSATPZWZRHMC-UHFFFAOYSA-N	P10635	=	6.000000
HMLQTQMYJXPNPS-UHFFFAOYSA-N	P10635	=	5.522879
URQWJWPHOBMLGB-UHFFFAOYSA-N	P10635	=	5.096910
MAHIHXILBQDWFG-UHFFFAOYSA-N	P10635	=	5.154902
FPNLFNVLKBNJOP-UHFFFAOYSA-N	P10635	=	5.522879
NLKMCQPIQBBSLW-UHFFFAOYSA-N	P10635	=	5.698970
HHYUHLAZLCUWCM-UHFFFAOYSA-N	P10635	=	5.698970
IEVVYPISJHIIEY-UHFFFAOYSA-N	P10635	=	5.301030
LTJWHBFHFPCPBT-UHFFFAOYSA-N	P10635	=	5.096910
XOYORCFADYQHIU-UHFFFAOYSA-N	P10635	=	6.000000
KMHISVGFSBFXJA-UHFFFAOYSA-N	P10635	=	5.397940
WPDCPSIIDKVKBZ-UHFFFAOYSA-N	P10635	=	7.000000
LZLFVPXCZHSLNT-UHFFFAOYSA-N	P10635	=	5.698970
XWQSINYMRRJYBS-UHFFFAOYSA-N	P10635	=	5.522879
GHFZLQFZZCWSMK-UHFFFAOYSA-N	P10635	=	5.698970
LZRJWFJEAUSNDC-UHFFFAOYSA-N	P10635	=	6.000000
QANOARAUKJDLGL-UHFFFAOYSA-N	P10635	=	6.221849
QEJAZMZAGVBHNZ-UHFFFAOYSA-N	P10635	=	5.522879
KZUBHQMYQWICFW-UHFFFAOYSA-N	P10635	=	5.698970
DZUGSBICBIZJLT-UHFFFAOYSA-N	P10635	=	5.397940
WRQKIBZLCJGIMW-UHFFFAOYSA-N	P10635	=	5.154902
BLGXFZZNTVWLAY-SCYLSFHTSA-N	P10635	=	6.638272
LOUPRKONTZGTKE-VOMFEXJBSA-N	P10635	=	5.259637
LOUPRKONTZGTKE-LHHVKLHASA-N	P10635	=	7.397940
GRTOGORTSDXSFK-XJTZBENFSA-N	P10635	=	7.853872
KMPWYEUPVWOPIM-AREIWFIDSA-N	P10635	=	5.031517
KMPWYEUPVWOPIM-AREIWFIDSA-N	P10635	=	6.000000
BLGXFZZNTVWLAY-SCYLSFHTSA-N	P10635	=	6.853872
WFJNHVWTKZUUTR-UHFFFAOYSA-N	P10635	=	5.552842
WFJNHVWTKZUUTR-NAHPKXJFSA-N	P10635	=	5.017729
KMPWYEUPVWOPIM-AREIWFIDSA-N	P10635	=	5.455932
GRTOGORTSDXSFK-XJTZBENFSA-N	P10635	=	8.455932
KMPWYEUPVWOPIM-AREIWFIDSA-N	P10635	=	5.136677
BLGXFZZNTVWLAY-SCYLSFHTSA-N	P10635	=	6.744727
WFJNHVWTKZUUTR-UHFFFAOYSA-N	P10635	=	5.795880
WFJNHVWTKZUUTR-NAHPKXJFSA-N	P10635	=	5.096910
KMPWYEUPVWOPIM-AREIWFIDSA-N	P10635	=	5.455932
GRTOGORTSDXSFK-XJTZBENFSA-N	P10635	=	8.337242
KMPWYEUPVWOPIM-AREIWFIDSA-N	P10635	=	5.124939
BLGXFZZNTVWLAY-SCYLSFHTSA-N	P10635	=	6.721246
WFJNHVWTKZUUTR-UHFFFAOYSA-N	P10635	=	5.494850
WFJNHVWTKZUUTR-NAHPKXJFSA-N	P10635	=	4.619789
KMPWYEUPVWOPIM-AREIWFIDSA-N	P10635	=	5.267606
GRTOGORTSDXSFK-XJTZBENFSA-N	P10635	=	7.886057
KMPWYEUPVWOPIM-AREIWFIDSA-N	P10635	=	4.795880
BLGXFZZNTVWLAY-SCYLSFHTSA-N	P10635	=	6.744727
MSBTWKFGWFLEEU-UHFFFAOYSA-M	P10635	=	4.602060
LJOQGZACKSYWCH-LHFMAAMQSA-N	P10635	=	7.180456
WYTGDNHDOZPMIW-VBNZEHGJSA-O	P10635	=	5.657577
QLWKTGDEPLRFAT-UHFFFAOYSA-N	P10635	=	4.000000
HFDLDPJYCIEXJP-UHFFFAOYSA-N	P10635	<	3.000000
LOUPRKONTZGTKE-VOMFEXJBSA-N	P10635	=	4.677781
LOUPRKONTZGTKE-VOMFEXJBSA-N	P10635	=	5.337242
DMZFHYNTTBDYHR-UHFFFAOYSA-N	P10635	=	5.013228
GRTOGORTSDXSFK-XIEZEKGWSA-N	P10635	=	7.769551
TXYQVRGSLNGUJS-QUIODSOESA-N	P10635	=	5.958607
AADVZSXPNRLYLV-BKYGWAQSSA-N	P10635	=	5.200659
BLGXFZZNTVWLAY-DKJBZYCGSA-N	P10635	=	7.096910
GRTOGORTSDXSFK-DLLGKBFGSA-N	P10635	=	5.958607
BXNJHAXVSOCGBA-UHFFFAOYSA-N	P10635	=	4.301030
LOUPRKONTZGTKE-LHHVKLHASA-N	P10635	=	7.096910
LJOQGZACKSYWCH-WGFDLZGGSA-N	P10635	=	5.397940
IVLICPVPXWEGCA-UHFFFAOYSA-N	P10635	<	3.000000
GLAUMTZDPSIAGG-XJTZBENFSA-N	P10635	=	5.494850
SMWDFEZZVXVKRB-UHFFFAOYSA-N	P10635	<	3.000000
QRQPCYRAKCACCD-ZMPDQFNMSA-N	P10635	=	5.537602
SRFCUPVBYYAMIL-UHFFFAOYSA-N	P10635	=	6.142668
LBBJNGFCXDOYMQ-UHFFFAOYSA-N	P10635	=	4.187087
BLGXFZZNTVWLAY-MQPLHJKPSA-N	P10635	=	7.508638
AWZHJGVWKOVYJV-KBUGRDCFSA-N	P10635	=	5.455932
AWZHJGVWKOVYJV-JGXKMEKASA-N	P10635	=	6.283997
LOUPRKONTZGTKE-WGFDLZGGSA-N	P10635	=	4.823909
PSFDQSOCUJVVGF-UHFFFAOYSA-N	P10635	=	4.065502
KMPWYEUPVWOPIM-AREIWFIDSA-N	P10635	=	5.124939
KMPWYEUPVWOPIM-AREIWFIDSA-N	P10635	=	5.455932
GRTOGORTSDXSFK-XJTZBENFSA-N	P10635	=	8.337242
BLGXFZZNTVWLAY-SCYLSFHTSA-N	P10635	=	6.283997
LOUPRKONTZGTKE-VOMFEXJBSA-N	P10635	=	4.823909
LOUPRKONTZGTKE-LHHVKLHASA-N	P10635	=	7.366532
KMPWYEUPVWOPIM-AREIWFIDSA-N	P10635	=	5.585027
KMPWYEUPVWOPIM-AREIWFIDSA-N	P10635	=	4.602060
GRTOGORTSDXSFK-XJTZBENFSA-N	P10635	=	8.244125
CFOOTBBXHJHHMT-UHFFFAOYSA-N	P10635	=	8.318759
MXYUKLILVYORSK-HKBOAZHASA-N	P10635	=	6.920819
ZPEIMTDSQAKGNT-UHFFFAOYSA-N	P10635	=	5.154902
LOUPRKONTZGTKE-LHHVKLHASA-N	P10635	=	7.221849
GPMXUUPHFNMNDH-UHFFFAOYSA-N	P10635	=	6.769551
GRTOGORTSDXSFK-XJTZBENFSA-N	P10635	=	8.481486
KMPWYEUPVWOPIM-QAMTZSDWSA-N	P10635	=	4.677781
LOUPRKONTZGTKE-LHHVKLHASA-N	P10635	=	7.522879
XCPGHVQEEXUHNC-UHFFFAOYSA-N	P10635	=	5.124939
BLGXFZZNTVWLAY-SCYLSFHTSA-N	P10635	=	6.744727
JHLIGYPHPBLDDL-UHFFFAOYSA-N	P10635	=	4.073143
HQTBIZDUNOAXTD-UHFFFAOYSA-N	P10635	<	3.397940
OTHCSWRZZBYQIQ-UHFFFAOYSA-N	P10635	=	4.525784
CORPZWBVJRCLMW-UHFFFAOYSA-N	P10635	<	3.397940
JJLMOUMOJSUSSX-UHFFFAOYSA-N	P10635	=	3.782516
MOUXQYCTQDNCAQ-UHFFFAOYSA-N	P10635	<	3.397940
ZDQZVKVIYAPRON-UHFFFAOYSA-N	P10635	<	3.397940
WHBGQMUVLIUNQW-UHFFFAOYSA-N	P10635	<	3.397940
PKRPFYKLLXGKDE-UHFFFAOYSA-N	P10635	<	3.397940
HQHHWOJYOUTZHZ-UHFFFAOYSA-N	P10635	=	4.829738
UITMTMQMFFBLFB-UHFFFAOYSA-N	P10635	=	4.415669
QSLAHFFHHYZNQL-UHFFFAOYSA-N	P10635	=	4.190440
GLMNDKCXHHOKIQ-UHFFFAOYSA-N	P10635	=	6.154902
RZXSREPAAUXUKM-UHFFFAOYSA-N	P10635	=	4.342944
RRFCTHIOMKUJRQ-UHFFFAOYSA-N	P10635	=	4.015473
YFOKBFRTGLSZLU-UHFFFAOYSA-N	P10635	=	4.000000
MNHXJOCWNHZKLQ-UHFFFAOYSA-N	P10635	<	3.522879
FQCXYANVLWAPNK-UHFFFAOYSA-N	P10635	=	3.906578
RYGQGRAICBWYPW-UHFFFAOYSA-N	P10635	<	3.397940
IMFKJIBLFGZFSW-UHFFFAOYSA-N	P10635	=	3.991400
JIOQSJVEVFADJG-UHFFFAOYSA-N	P10635	=	4.318759
OFJZYKKOFXREQZ-UHFFFAOYSA-N	P10635	<	3.397940
NTEDXDYFBMNKGE-UHFFFAOYSA-N	P10635	<	3.397940
BGKUWZFWNZFRMO-UHFFFAOYSA-N	P10635	=	4.218245
PJHSLLRNPASXIS-UHFFFAOYSA-N	P10635	=	3.896196
MDGMPFRIYUFRRX-UHFFFAOYSA-N	P10635	=	4.343902
LENAVORGWBTPJR-UHFFFAOYSA-N	P10635	=	5.244125
JWRCUDVXZUHOJA-UHFFFAOYSA-N	P10635	=	4.841638
ZSTXLHXHAPANSL-UHFFFAOYSA-N	P10635	=	4.247952
MZMYJUORJONGQJ-DNTJNYDQSA-N	P10635	=	6.221849
YBMDKMCHOKBOLB-YWZLYKJASA-N	P10635	=	5.301030
IENZWNOPOBXYDA-UHFFFAOYSA-N	P10635	=	4.823909
MZMYJUORJONGQJ-DNTJNYDQSA-N	P10635	=	6.221849
WUTRELIDULYHSO-FPOVZHCZSA-N	P10635	=	6.075721
ZIWFCOIGUNPHPM-HKUYNNGSSA-N	P10635	=	7.698970
PRVMNKWTNJEKFJ-XHRKEWCOSA-N	P10635	=	7.154902
GXIYYBXZKMHKPE-ICSRJNTNSA-N	P10635	=	5.371611
PRBFCWQZDUFTDN-GXBCDIMNSA-N	P10635	=	6.920819
OEIZZOMBDHTIGH-QUCQDJGISA-N	P10635	=	6.180456
WLOMELCAKGDPJO-BXBRYHBFSA-N	P10635	=	7.698970
XOHNGGNSGAFTFL-HKUYNNGSSA-N	P10635	=	5.677781
XPNMCDYOYIKVGB-CONSDPRKSA-N	P10635	=	6.376751
LOUPRKONTZGTKE-LHHVKLHASA-N	P10635	=	8.008774
BTUXXYVZPCZOEG-UHFFFAOYSA-M	P10635	=	6.346787
IXCFXWPIJJRCNV-UHFFFAOYSA-M	P10635	=	7.262013
DINXRUJLCKSYEA-UHFFFAOYSA-N	P10635	=	7.551294
JTVSGNGYUGCQJP-FHJLPGHOSA-N	P10635	=	5.585027
LDMXQNXCFMLIER-UHFFFAOYSA-N	P10635	=	5.176265
WVCNWPFTYDURBB-UHFFFAOYSA-N	P10635	=	5.687611
VKVAJQSZVWNRMB-UHFFFAOYSA-N	P10635	=	6.299296
QBUBIPIOMZYFEI-UHFFFAOYSA-N	P10635	=	6.094204
HEFAAVYYGFTJLY-UHFFFAOYSA-N	P10635	=	5.984640
PVLJETXTTWAYEW-UHFFFAOYSA-N	P10635	<	4.698970
MDTGYTUAMOVSAG-UHFFFAOYSA-N	P10635	=	6.070581
UBUFVRJUGFJQSI-PPJSLLJVSA-N	P10635	=	4.494850
DUHKKBBESXCBNM-INIZCTEOSA-N	P10635	=	5.847712
PJNIZAZDWHCMSB-UHFFFAOYSA-N	P10635	=	5.259637
CXRUWFCWUSNYBY-UHFFFAOYSA-N	P10635	=	5.318759
AHOUBRCZNHFOSL-YOEHRIQHSA-N	P10635	=	5.314258
AQIXAKUUQRKLND-UHFFFAOYSA-N	P10635	=	4.113509
TTWJBBZEZQICBI-UHFFFAOYSA-N	P10635	=	6.017729
SHXWCVYOXRDMCX-UHFFFAOYSA-N	P10635	=	4.642065
SHXWCVYOXRDMCX-UHFFFAOYSA-N	P10635	=	4.889410
UGGLYQWQTKDJNR-OALUTQOASA-N	P10635	=	2.950000
AOUFLDFQEMUYCL-DLBZAZTESA-N	P10635	=	3.150000
VYSGWFCGFKTGQC-WCWDXBQESA-N	P10635	=	6.373660
PJNIZAZDWHCMSB-UHFFFAOYSA-N	P10635	=	5.259637
GKLMXCIEUYGUNY-UHFFFAOYSA-N	P10635	=	6.259637
PFWVGKROPKKEDW-UHFFFAOYSA-N	P10635	<	4.522879
MLRYWGXYDWMAGZ-RIJOFNGHSA-N	P10635	<	4.522879
CJOFXWAVKWHTFT-XSFVSMFZSA-N	P10635	=	5.096910
CJOFXWAVKWHTFT-XSFVSMFZSA-N	P10635	=	4.769551
ZAALQOFZFANFTF-UHFFFAOYSA-N	P10635	=	7.107905
HYBRYAPKQCZIAE-UHFFFAOYSA-N	P10635	=	6.913640
JHLIGYPHPBLDDL-UHFFFAOYSA-N	P05181	=	4.696804
HQTBIZDUNOAXTD-UHFFFAOYSA-N	P05181	=	4.410050
OTHCSWRZZBYQIQ-UHFFFAOYSA-N	P05181	<	3.397940
CORPZWBVJRCLMW-UHFFFAOYSA-N	P05181	<	3.397940
JJLMOUMOJSUSSX-UHFFFAOYSA-N	P05181	=	5.283997
MOUXQYCTQDNCAQ-UHFFFAOYSA-N	P05181	=	5.017729
ZDQZVKVIYAPRON-UHFFFAOYSA-N	P05181	=	5.013228
WHBGQMUVLIUNQW-UHFFFAOYSA-N	P05181	<	3.397940
PKRPFYKLLXGKDE-UHFFFAOYSA-N	P05181	=	7.397940
HQHHWOJYOUTZHZ-UHFFFAOYSA-N	P05181	=	6.096910
UITMTMQMFFBLFB-UHFFFAOYSA-N	P05181	=	6.221849
QSLAHFFHHYZNQL-UHFFFAOYSA-N	P05181	=	6.096910
GLMNDKCXHHOKIQ-UHFFFAOYSA-N	P05181	=	7.301030
RZXSREPAAUXUKM-UHFFFAOYSA-N	P05181	=	6.698970
RRFCTHIOMKUJRQ-UHFFFAOYSA-N	P05181	=	5.508638
YFOKBFRTGLSZLU-UHFFFAOYSA-N	P05181	=	4.892790
MNHXJOCWNHZKLQ-UHFFFAOYSA-N	P05181	=	4.263603
FQCXYANVLWAPNK-UHFFFAOYSA-N	P05181	<	3.397940
RYGQGRAICBWYPW-UHFFFAOYSA-N	P05181	=	3.735182
IMFKJIBLFGZFSW-UHFFFAOYSA-N	P05181	=	5.698970
JIOQSJVEVFADJG-UHFFFAOYSA-N	P05181	=	5.455932
OFJZYKKOFXREQZ-UHFFFAOYSA-N	P05181	<	3.397940
NTEDXDYFBMNKGE-UHFFFAOYSA-N	P05181	=	3.931814
BGKUWZFWNZFRMO-UHFFFAOYSA-N	P05181	=	4.978811
PJHSLLRNPASXIS-UHFFFAOYSA-N	P05181	<	3.397940
MDGMPFRIYUFRRX-UHFFFAOYSA-N	P05181	<	3.397940
JWRCUDVXZUHOJA-UHFFFAOYSA-N	P05181	<	3.397940
ZSTXLHXHAPANSL-UHFFFAOYSA-N	P05181	<	3.397940
LENAVORGWBTPJR-UHFFFAOYSA-N	P05181	=	4.065502
IZJDOKYDEWTZSO-UHFFFAOYSA-N	P05181	=	5.000869
DBMJZOMNXBSRED-OQLLNIDSSA-N	P05181	=	4.397940
PFWVGKROPKKEDW-UHFFFAOYSA-N	P05181	<	4.522879
MLRYWGXYDWMAGZ-RIJOFNGHSA-N	P05181	<	4.522879
IZJDOKYDEWTZSO-UHFFFAOYSA-N	P05181	=	4.958607
QLNWXBAGRTUKKI-UHFFFAOYSA-N	P05181	=	2.022276
PBIBEWTURATALQ-UHFFFAOYSA-N	P51589	=	6.795880
SMANXXCATUTDDT-QPJJXVBHSA-N	P51589	=	7.000000
RMMXLENWKUUMAY-UHFFFAOYSA-N	P51589	=	7.000000
PCYLEFFJTKIWON-UHFFFAOYSA-N	P51589	=	3.619608
RMMXLENWKUUMAY-UHFFFAOYSA-N	P51589	=	6.721246
POZRVZJJTULAOH-LHZXLZLDSA-N	P51589	=	7.698970
SMANXXCATUTDDT-QPJJXVBHSA-N	P51589	=	6.886057
VYNIUBZKEWJOJP-UNMCSNQZSA-N	P08684	=	7.552842
VYNIUBZKEWJOJP-IFMALSPDSA-N	P08684	=	7.481486
JHLIGYPHPBLDDL-UHFFFAOYSA-N	P08684	=	4.531653
OTHCSWRZZBYQIQ-UHFFFAOYSA-N	P08684	<	3.397940
CORPZWBVJRCLMW-UHFFFAOYSA-N	P08684	<	3.397940
JJLMOUMOJSUSSX-UHFFFAOYSA-N	P08684	<	3.397940
MOUXQYCTQDNCAQ-UHFFFAOYSA-N	P08684	=	4.640165
ZDQZVKVIYAPRON-UHFFFAOYSA-N	P08684	<	3.397940
WHBGQMUVLIUNQW-UHFFFAOYSA-N	P08684	<	3.397940
PKRPFYKLLXGKDE-UHFFFAOYSA-N	P08684	=	4.019997
HQHHWOJYOUTZHZ-UHFFFAOYSA-N	P08684	=	4.200659
UITMTMQMFFBLFB-UHFFFAOYSA-N	P08684	=	5.958607
QSLAHFFHHYZNQL-UHFFFAOYSA-N	P08684	=	5.130768
GLMNDKCXHHOKIQ-UHFFFAOYSA-N	P08684	=	5.508638
RZXSREPAAUXUKM-UHFFFAOYSA-N	P08684	=	5.823909
RRFCTHIOMKUJRQ-UHFFFAOYSA-N	P08684	>	4.602060
YFOKBFRTGLSZLU-UHFFFAOYSA-N	P08684	=	4.154902
MNHXJOCWNHZKLQ-UHFFFAOYSA-N	P08684	=	4.119186
FQCXYANVLWAPNK-UHFFFAOYSA-N	P08684	=	4.552842
RYGQGRAICBWYPW-UHFFFAOYSA-N	P08684	=	4.707744
IMFKJIBLFGZFSW-UHFFFAOYSA-N	P08684	=	3.882729
JIOQSJVEVFADJG-UHFFFAOYSA-N	P08684	=	5.522879
OFJZYKKOFXREQZ-UHFFFAOYSA-N	P08684	<	3.397940
NTEDXDYFBMNKGE-UHFFFAOYSA-N	P08684	=	3.600326
BGKUWZFWNZFRMO-UHFFFAOYSA-N	P08684	=	4.818156
PJHSLLRNPASXIS-UHFFFAOYSA-N	P08684	=	3.832683
MDGMPFRIYUFRRX-UHFFFAOYSA-N	P08684	<	3.397940
LENAVORGWBTPJR-UHFFFAOYSA-N	P08684	=	4.627088
JWRCUDVXZUHOJA-UHFFFAOYSA-N	P08684	=	3.958607
ZSTXLHXHAPANSL-UHFFFAOYSA-N	P08684	<	3.397940
HQTBIZDUNOAXTD-UHFFFAOYSA-N	P08684	<	3.397940
PZEXMHGVMUYUBB-UHFFFAOYSA-N	P08684	>	1.301030
BQCUCIJLORCUIS-UHFFFAOYSA-N	P08684	>	1.301030
HRKUGDRGFCGVFI-UHFFFAOYSA-N	P08684	>	1.301030
CQNUZRHSIXJGLD-UHFFFAOYSA-N	P08684	>	1.301030
YDZMAHZCWKLUKT-UHFFFAOYSA-N	P08684	>	1.301030
LSXCHNRGSDGJEB-UHFFFAOYSA-N	P08684	>	1.301030
LZVAXYACNCHNTQ-UHFFFAOYSA-N	P08684	>	1.301030
NBFFIYDOIRDJHE-UHFFFAOYSA-N	P08684	>	1.301030
KMAMPFGXPHTYPQ-KMHPXQNHSA-N	P08684	=	7.744727
NMNZCBCNNBOZGJ-MTXKAQRHSA-N	P08684	=	7.180456
RLYPONLPAHPYMG-UWHLTILDSA-N	P08684	=	6.585027
IQOBLYMQXROOIM-MYDTUXCISA-N	P08684	=	6.677781
BIGUPJIJZYZJMV-VIBAHUMZSA-N	P08684	=	5.119186
LMZHAKUXAHOCST-VNTMZGSJSA-N	P08684	=	4.958607
LZAZURSABQIKGB-AEKGRLRDSA-N	P08684	=	6.200659
XMAYWYJOQHXEEK-ZEQKJWHPSA-N	P08684	=	7.619789
RLYPONLPAHPYMG-UWHLTILDSA-N	P08684	=	6.599998
IQOBLYMQXROOIM-MYDTUXCISA-N	P08684	=	6.799998
BIGUPJIJZYZJMV-VIBAHUMZSA-N	P08684	=	5.100000
LMZHAKUXAHOCST-VNTMZGSJSA-N	P08684	=	5.000000
LZAZURSABQIKGB-AEKGRLRDSA-N	P08684	=	6.199998
XMAYWYJOQHXEEK-ZEQKJWHPSA-N	P08684	=	7.599980
HZWJSPQRTMLPAY-DTGGKOQTSA-N	P08684	=	6.769551
PSRRUEPWXFJQOG-DXXRHUJXSA-N	P08684	=	7.522879
CLZGVQMOEWULAZ-XSEFMFLKSA-N	P08684	=	5.809668
FUNHZIMGEJKDET-MNPDLOSFSA-N	P08684	=	6.494850
CYXOVJGWTISSSU-ZXSZDXTFSA-N	P08684	=	6.236572
PKWYNQKMEONYAL-CNTBMXMRSA-N	P08684	=	7.154902
FHVJGMXAQMTCSW-MNPDLOSFSA-N	P08684	=	5.995679
XMAYWYJOQHXEEK-ZEQKJWHPSA-N	P08684	=	7.522879
HZWJSPQRTMLPAY-DTGGKOQTSA-N	P08684	=	6.779997
PSRRUEPWXFJQOG-DXXRHUJXSA-N	P08684	=	7.500038
CLZGVQMOEWULAZ-XSEFMFLKSA-N	P08684	=	5.809999
FUNHZIMGEJKDET-MNPDLOSFSA-N	P08684	=	6.499997
CYXOVJGWTISSSU-ZXSZDXTFSA-N	P08684	=	6.240000
PKWYNQKMEONYAL-CNTBMXMRSA-N	P08684	=	7.150028
FHVJGMXAQMTCSW-MNPDLOSFSA-N	P08684	=	5.990001
XMAYWYJOQHXEEK-ZEQKJWHPSA-N	P08684	=	7.480041
PSRRUEPWXFJQOG-HBMTYJCASA-N	P08684	=	7.522879
PSRRUEPWXFJQOG-HBMTYJCASA-N	P08684	=	7.540005
FUNHZIMGEJKDET-AKAGGGOCSA-N	P08684	=	6.619789
FUNHZIMGEJKDET-AKAGGGOCSA-N	P08684	=	6.620006
CLZGVQMOEWULAZ-HGSOSGBHSA-N	P08684	=	5.749580
CLZGVQMOEWULAZ-HGSOSGBHSA-N	P08684	=	5.750000
PKWYNQKMEONYAL-ZBBWKFRYSA-N	P08684	=	7.154902
PKWYNQKMEONYAL-ZBBWKFRYSA-N	P08684	=	7.160019
XMAYWYJOQHXEEK-ZEQKJWHPSA-N	P08684	=	7.522879
XMAYWYJOQHXEEK-ZEQKJWHPSA-N	P08684	=	7.480041
UPMYXXWLKPRNBD-RUZDIDTESA-N	P08684	=	5.494850
NCDNCNXCDXHOMX-XGKFQTDJSA-N	P08684	>	7.000000
LZAZURSABQIKGB-AEKGRLRDSA-N	P08684	=	6.200659
IXZUPBUEKFXTSD-MDWZMJQESA-N	P08684	=	4.229148
NCDNCNXCDXHOMX-XGKFQTDJSA-N	P08684	=	7.000000
AGOYDEPGAOXOCK-KCBOHYOISA-N	P08684	=	5.260428
UWKQSNNFCGGAFS-XIFFEERXSA-N	P08684	=	4.619789
FJHBVJOVLFPMQE-QFIPXVFZSA-N	P08684	=	4.585027
SOCNBZCAGNYAED-OKFXBHNASA-N	P08684	=	7.086186
FDHFWHRGVDRJIK-IRXDYDNUSA-N	P08684	=	7.267606
JKCVMTYNARDGET-HOTGVXAUSA-N	P08684	=	6.847712
DDWGQGZPYDSYEL-LSDHHAIUSA-N	P08684	=	6.428291
GMLDZDDTZKXJLU-JKSUJKDBSA-N	P08684	=	6.752027
KBDSLGBFQAGHBE-MSGMIQHVSA-N	P08684	=	4.634512
ACVGWSKVRYFWRP-UHFFFAOYSA-N	P08684	=	3.967784
SEBFKMXJBCUCAI-UHFFFAOYSA-N	P08684	=	4.494850
RJYQLMILDVERHH-UHFFFAOYSA-N	P08684	=	4.698970
UFCGDBKFOKKVAC-DSASHONVSA-N	P08684	=	6.399027
MCJKBWHDNUSJLW-VHXPQNKSSA-N	P08684	=	4.920819
HSUGRBWQSSZJOP-RTWAWAEBSA-N	P08684	=	5.657577
IXZUPBUEKFXTSD-MDWZMJQESA-N	P08684	=	5.254925
ZXUKAZPCOMPMHC-JQMRRPHZSA-N	P08684	=	6.508638
AGWWNHLHAZTYCS-RYQLWAFASA-N	P08684	=	6.886057
DBWUSXVEYWGDPK-MUUNZHRXSA-N	P08684	=	6.619789
UBUFVRJUGFJQSI-PPJSLLJVSA-N	P08684	=	5.124939
BFPYWIDHMRZLRN-SLHNCBLASA-N	P08684	=	4.744727
VKHAHZOOUSRJNA-GCNJZUOMSA-N	P08684	=	5.327902
LUCNJYCJDPSOOJ-UHFFFAOYSA-N	P08684	=	6.602060
WLOBUUJURNEQCL-UHFFFAOYSA-N	P08684	=	5.100727
HSUGRBWQSSZJOP-RTWAWAEBSA-N	P08684	=	6.301030
LUKBXSAWLPMMSZ-OWOJBTEDSA-N	P08684	=	4.698970
NKANXQFJJICGDU-QPLCGJKRSA-N	P08684	=	6.698970
MCJKBWHDNUSJLW-VHXPQNKSSA-N	P08684	=	5.585027
DCOPUUMXTXDBNB-UHFFFAOYSA-N	P08684	=	2.785156
GZUITABIAKMVPG-UHFFFAOYSA-N	P08684	=	5.004365
SEBFKMXJBCUCAI-UHFFFAOYSA-N	P08684	=	3.879426
DBMJZOMNXBSRED-OQLLNIDSSA-N	P08684	=	5.113509
UPKQNCPKPOLASS-UHFFFAOYSA-N	P08684	=	5.675718
SGTNSNPWRIOYBX-HHHXNRCGSA-N	P08684	=	5.292430
SGTNSNPWRIOYBX-MHZLTWQESA-N	P08684	=	5.856985
UPKQNCPKPOLASS-UHFFFAOYSA-N	P08684	=	5.229885
SGTNSNPWRIOYBX-HHHXNRCGSA-N	P08684	=	5.189767
SGTNSNPWRIOYBX-MHZLTWQESA-N	P08684	=	5.527244
JZUTXVTYJDCMDU-MOPGFXCFSA-N	P08684	=	3.958607
YMARZQAQMVYCKC-OEMFJLHTSA-N	P08684	=	6.585027
CBVCZFGXHXORBI-PXQQMZJSSA-N	P08684	=	6.318759
KJHKTHWMRKYKJE-SUGCFTRWSA-N	P08684	=	6.387216
KJHKTHWMRKYKJE-SUGCFTRWSA-N	P08684	=	6.000000
QAGYKUNXZHXKMR-HKWSIXNMSA-N	P08684	=	6.318759
QWAXKHKRTORLEM-UGJKXSETSA-N	P08684	=	6.769551
UPKQNCPKPOLASS-UHFFFAOYSA-N	P08684	=	4.987163
QRXWMOHMRWLFEY-UHFFFAOYSA-N	P08684	=	4.443697
DTNUQCRCHKWJCE-PKLMIRHRSA-N	P08684	=	10.585027
PNCYZOJJIHDBQW-HSZRJFAPSA-N	P08684	=	10.657577
LBQIJVLKGVZRIW-ZDUSSCGKSA-N	P08684	=	5.154902
HWLBLFBLGGVDBT-UHFFFAOYSA-N	P08684	=	7.096910
OAVGBZOFDPFGPJ-UHFFFAOYSA-N	P08684	=	5.537602
AFAFDMOIWWTYNC-UHFFFAOYSA-N	P08684	=	5.508638
XVALPIOZOKELQW-UHFFFAOYSA-N	P08684	=	4.841638
LLMJQNQPWAGSDT-UHFFFAOYSA-N	P08684	=	5.387216
PMSHRZMEDDFETM-UHFFFAOYSA-N	P08684	=	5.401209
QAMKIRUZTVBZSB-UHFFFAOYSA-N	P08684	=	6.267606
HJWNTRHBEJZMGN-UHFFFAOYSA-N	P08684	=	6.096910
HNHSNBXXGBXNBF-UHFFFAOYSA-N	P08684	=	6.154902
DEGVXZZBCFHOPP-UHFFFAOYSA-N	P08684	=	6.267606
NMNIHSMWPRIOBQ-UHFFFAOYSA-N	P08684	=	4.924453
QMMZGLVHILAUJF-UHFFFAOYSA-N	P08684	=	4.482804
SHTNYXONMHVSAZ-UHFFFAOYSA-N	P08684	=	4.838632
OANMEYJWJMQNAH-UHFFFAOYSA-N	P08684	=	5.408935
UZAYVKZINRVFFI-UHFFFAOYSA-N	P08684	=	4.696804
OIDAIHJNNQUQOI-UHFFFAOYSA-N	P08684	=	4.797784
OPPGZSNTZPUSFU-UHFFFAOYSA-N	P08684	=	5.161151
WJJKGPKEJVYRNO-UHFFFAOYSA-N	P08684	=	5.568636
QJLIXBJBVXVIBP-UHFFFAOYSA-N	P08684	=	5.657577
JGZITBKTUNTCAA-UHFFFAOYSA-N	P08684	=	5.075721
PFJUUPRRMRPDHQ-UHFFFAOYSA-N	P08684	=	5.657577
NWIVQDQGTQYEGZ-UHFFFAOYSA-N	P08684	=	5.522879
JSISTYTUHYTCID-QGZVFWFLSA-N	P08684	=	4.107905
BXNGSUWUIWURRP-UHFFFAOYSA-N	P08684	=	5.180456
BSPMBSFCVOLGHL-UHFFFAOYSA-N	P08684	=	4.744727
GZUITABIAKMVPG-UHFFFAOYSA-N	P08684	=	5.004365
IFDBWKFSUPQKCA-OJDZSJEKSA-N	P08684	=	4.638272
HBNPJJILLOYFJU-VMPREFPWSA-N	P08684	=	5.638272
AAKJLRGGTJKAMG-UHFFFAOYSA-N	P08684	=	5.200659
VRBKIVRKKCLPHA-UHFFFAOYSA-N	P08684	=	6.000000
MZDKLVOWGIOKTN-UHFFFAOYSA-N	P08684	=	4.920819
ZBNZXTGUTAYRHI-UHFFFAOYSA-N	P08684	=	5.200659
HSUGRBWQSSZJOP-RTWAWAEBSA-N	P08684	=	7.000000
QWAXKHKRTORLEM-UGJKXSETSA-N	P08684	=	6.187087
NCDNCNXCDXHOMX-XGKFQTDJSA-N	P08684	=	6.769551
QAGYKUNXZHXKMR-HKWSIXNMSA-N	P08684	=	6.000000
YMARZQAQMVYCKC-OEMFJLHTSA-N	P08684	=	6.431798
KJHKTHWMRKYKJE-SUGCFTRWSA-N	P08684	=	6.000000
KTUFNOKKBVMGRW-UHFFFAOYSA-N	P08684	=	4.844664
BCFGMOOMADDAQU-UHFFFAOYSA-N	P08684	=	5.769551
XUSGYCMAJIJBII-ULLKZFKOSA-N	P08684	=	4.079355
JHUGQHSVPSEAPO-FXXKCHFVSA-N	P08684	=	4.301030
ZULRMJWNHUYYOE-DYRPNGKOSA-N	P08684	=	4.301030
JJTKZZXKJLOOGG-UZIITKLFSA-N	P08684	=	4.301030
BIAWVZMEBADAPM-MJFWUJRASA-N	P08684	=	4.777284
CBIBCHQFCAJEHI-WUAPDDLWSA-N	P08684	=	5.070581
MIHAQLKAZGVBQZ-MJFWUJRASA-N	P08684	=	5.148742
MQTWTRJTQGLJQD-DDUISNTDSA-N	P08684	=	5.677781
CWXNEODDUDWHDU-WKRVVKTRSA-N	P08684	=	6.000000
DDMRLRAWRUJYNZ-UHFFFAOYSA-N	P08684	=	5.251812
VSOUDUXMPUHJEU-UHFFFAOYSA-N	P08684	=	4.712198
CKTWQGHVNRYNCM-UHFFFAOYSA-N	P08684	=	5.022276
YXMQIWJYPNBZJS-QFIPXVFZSA-N	P08684	=	6.004365
DDLIGBOFAVUZHB-UHFFFAOYSA-N	P08684	=	5.607303
YCQBLTPGQSYLHD-WCWDXBQESA-N	P08684	=	6.425969
VYSGWFCGFKTGQC-WCWDXBQESA-N	P08684	=	5.785156
HBNPJJILLOYFJU-VMPREFPWSA-N	P08684	=	6.552842
XTFWUNVBJAOKDW-UIOOFZCWSA-N	P08684	=	6.086186
FGTCROZDHDSNIO-UHFFFAOYSA-N	P08684	=	4.619789
PMATZTZNYRCHOR-CGLBZJNRSA-N	P08684	=	6.522879
PMATZTZNYRCHOR-CGLBZJNRSA-N	P08684	=	5.119186
WDWIMDKOXZZYHH-FQEVSTJZSA-N	P08684	=	6.920819
WDWIMDKOXZZYHH-FQEVSTJZSA-N	P08684	=	6.769551
QJJXYPPXXYFBGM-LFZNUXCKSA-N	P08684	=	5.575118
PMATZTZNYRCHOR-CGLBZJNRSA-N	P08684	=	6.050610
PFWVGKROPKKEDW-UHFFFAOYSA-N	P08684	<	4.522879
MLRYWGXYDWMAGZ-RIJOFNGHSA-N	P08684	<	4.522879
PFWVGKROPKKEDW-UHFFFAOYSA-N	P08684	<	4.522879
MLRYWGXYDWMAGZ-RIJOFNGHSA-N	P08684	<	4.522879
XGGTZCKQRWXCHW-WMTVXVAQSA-N	P08684	=	5.307153
BLUAFEHZUWYNDE-DKGJTOOQSA-N	P08684	=	4.602060
QRYRORQUOLYVBU-VBKZILBWSA-N	P08684	=	5.366532
QTVDULQPUXPKEL-LJQANCHMSA-N	P08684	=	6.130768
QTVDULQPUXPKEL-LJQANCHMSA-N	P08684	=	5.721246
QTVDULQPUXPKEL-LJQANCHMSA-N	P08684	=	5.721246
QTVDULQPUXPKEL-LJQANCHMSA-N	P08684	=	6.136677
XMAYWYJOQHXEEK-OZXSUGGESA-N	P08684	=	8.154902
QBDVVYNLLXGUGN-XGTBZJOHSA-N	P08684	=	4.236572
XMAYWYJOQHXEEK-OZXSUGGESA-N	P08684	=	7.958607
QBDVVYNLLXGUGN-XGTBZJOHSA-N	P08684	=	3.394695
XMAYWYJOQHXEEK-OZXSUGGESA-N	P08684	=	7.309804
QBDVVYNLLXGUGN-XGTBZJOHSA-N	P08684	=	3.542118
DBMJZOMNXBSRED-OQLLNIDSSA-N	P20815	=	4.698970
NCDNCNXCDXHOMX-XGKFQTDJSA-N	P20815	=	6.920819
YMARZQAQMVYCKC-OEMFJLHTSA-N	P20815	=	6.698970
QAGYKUNXZHXKMR-HKWSIXNMSA-N	P20815	=	6.244125
UPKQNCPKPOLASS-UHFFFAOYSA-N	P20815	=	5.343902
YCQBLTPGQSYLHD-WCWDXBQESA-N	P20815	=	6.081445
VYSGWFCGFKTGQC-WCWDXBQESA-N	P20815	=	6.068034
QJJXYPPXXYFBGM-LFZNUXCKSA-N	P20815	=	5.570248
WDWIMDKOXZZYHH-FQEVSTJZSA-N	P20815	=	5.698970
WDWIMDKOXZZYHH-FQEVSTJZSA-N	P20815	=	5.920819
BCFGMOOMADDAQU-UHFFFAOYSA-N	P20815	=	4.424812
XMAYWYJOQHXEEK-OZXSUGGESA-N	P78329	=	6.130768
XMAYWYJOQHXEEK-ZEQKJWHPSA-N	Q16850	=	7.610834
VYNIUBZKEWJOJP-IFMALSPDSA-N	Q16850	=	7.393619
XMAYWYJOQHXEEK-ZEQKJWHPSA-N	Q16850	=	7.197226
VYNIUBZKEWJOJP-IFMALSPDSA-N	Q16850	=	7.752027
