Entry	Status	Protein names	Gene names	Gene names  (primary )	Gene names  (synonym )	Organism	Organism ID	Length
P01023	reviewed	Alpha-2-macroglobulin (Alpha-2-M) (C3 and PZP-like alpha-2-macroglobulin domain-containing protein 5)	A2M CPAMD5 FWP007	A2M	CPAMD5	Homo sapiens (Human)	9606	1474
P12821	reviewed	Angiotensin-converting enzyme (ACE) (EC 3.2.1.-) (EC 3.4.15.1) (Dipeptidyl carboxypeptidase I) (Kininase II) (CD antigen CD143) [Cleaved into: Angiotensin-converting enzyme, soluble form]	ACE DCP DCP1	ACE	DCP DCP1	Homo sapiens (Human)	9606	1306
Q15848	reviewed	Adiponectin (30 kDa adipocyte complement-related protein) (Adipocyte complement-related 30 kDa protein) (ACRP30) (Adipocyte, C1q and collagen domain-containing protein) (Adipose most abundant gene transcript 1 protein) (apM-1) (Gelatin-binding protein)	ADIPOQ ACDC ACRP30 APM1 GBP28	ADIPOQ	ACDC ACRP30 APM1 GBP28	Homo sapiens (Human)	9606	244
P01019	reviewed	Angiotensinogen (Serpin A8) [Cleaved into: Angiotensin-1 (Angiotensin 1-10) (Angiotensin I) (Ang I); Angiotensin-2 (Angiotensin 1-8) (Angiotensin II) (Ang II); Angiotensin-3 (Angiotensin 2-8) (Angiotensin III) (Ang III) (Des-Asp[1]-angiotensin II); Angiotensin-4 (Angiotensin 3-8) (Angiotensin IV) (Ang IV); Angiotensin 1-9; Angiotensin 1-7; Angiotensin 1-5; Angiotensin 1-4]	AGT SERPINA8	AGT	SERPINA8	Homo sapiens (Human)	9606	485
P02768	reviewed	Serum albumin	ALB GIG20 GIG42 PRO0903 PRO1708 PRO2044 PRO2619 PRO2675 UNQ696/PRO1341	ALB		Homo sapiens (Human)	9606	609
Q8TES7	reviewed	Fas-binding factor 1 (FBF-1) (Protein albatross)	FBF1 ALB KIAA1863	FBF1	ALB KIAA1863	Homo sapiens (Human)	9606	1133
P09972	reviewed	Fructose-bisphosphate aldolase C (EC 4.1.2.13) (Brain-type aldolase)	ALDOC ALDC	ALDOC	ALDC	Homo sapiens (Human)	9606	364
P02647	reviewed	Apolipoprotein A-I (Apo-AI) (ApoA-I) (Apolipoprotein A1) [Cleaved into: Proapolipoprotein A-I (ProapoA-I); Truncated apolipoprotein A-I (Apolipoprotein A-I(1-242))]	APOA1	APOA1		Homo sapiens (Human)	9606	267
P02652	reviewed	Apolipoprotein A-II (Apo-AII) (ApoA-II) (Apolipoprotein A2) [Cleaved into: Proapolipoprotein A-II (ProapoA-II); Truncated apolipoprotein A-II (Apolipoprotein A-II(1-76))]	APOA2	APOA2		Homo sapiens (Human)	9606	100
P06727	reviewed	Apolipoprotein A-IV (Apo-AIV) (ApoA-IV) (Apolipoprotein A4)	APOA4	APOA4		Homo sapiens (Human)	9606	396
P04114	reviewed	Apolipoprotein B-100 (Apo B-100) [Cleaved into: Apolipoprotein B-48 (Apo B-48)]	APOB	APOB		Homo sapiens (Human)	9606	4563
P02654	reviewed	Apolipoprotein C-I (Apo-CI) (ApoC-I) (Apolipoprotein C1) [Cleaved into: Truncated apolipoprotein C-I]	APOC1	APOC1		Homo sapiens (Human)	9606	83
P02655	reviewed	Apolipoprotein C-II (Apo-CII) (ApoC-II) (Apolipoprotein C2) [Cleaved into: Proapolipoprotein C-II (ProapoC-II)]	APOC2 APC2	APOC2	APC2	Homo sapiens (Human)	9606	101
P02656	reviewed	Apolipoprotein C-III (Apo-CIII) (ApoC-III) (Apolipoprotein C3)	APOC3	APOC3		Homo sapiens (Human)	9606	99
P05090	reviewed	Apolipoprotein D (Apo-D) (ApoD)	APOD	APOD		Homo sapiens (Human)	9606	189
P02649	reviewed	Apolipoprotein E (Apo-E)	APOE	APOE		Homo sapiens (Human)	9606	317
P02749	reviewed	Beta-2-glycoprotein 1 (APC inhibitor) (Activated protein C-binding protein) (Anticardiolipin cofactor) (Apolipoprotein H) (Apo-H) (Beta-2-glycoprotein I) (B2GPI) (Beta(2)GPI)	APOH B2G1	APOH	B2G1	Homo sapiens (Human)	9606	345
O14791	reviewed	Apolipoprotein L1 (Apolipoprotein L) (Apo-L) (ApoL) (Apolipoprotein L-I) (ApoL-I)	APOL1 APOL	APOL1	APOL	Homo sapiens (Human)	9606	398
Q02338	reviewed	D-beta-hydroxybutyrate dehydrogenase, mitochondrial (EC 1.1.1.30) (3-hydroxybutyrate dehydrogenase) (BDH) (Short chain dehydrogenase/reductase family 9C member 1)	BDH1 BDH SDR9C1	BDH1	BDH SDR9C1	Homo sapiens (Human)	9606	343
P01024	reviewed	Complement C3 (C3 and PZP-like alpha-2-macroglobulin domain-containing protein 1) [Cleaved into: Complement C3 beta chain; C3-beta-c (C3bc); Complement C3 alpha chain; C3a anaphylatoxin; Acylation stimulating protein (ASP) (C3adesArg); Complement C3b alpha' chain; Complement C3c alpha' chain fragment 1; Complement C3dg fragment; Complement C3g fragment; Complement C3d fragment; Complement C3f fragment; Complement C3c alpha' chain fragment 2]	C3 CPAMD1	C3	CPAMD1	Homo sapiens (Human)	9606	1663
P13500	reviewed	C-C motif chemokine 2 (HC11) (Monocyte chemoattractant protein 1) (Monocyte chemotactic and activating factor) (MCAF) (Monocyte chemotactic protein 1) (MCP-1) (Monocyte secretory protein JE) (Small-inducible cytokine A2)	CCL2 MCP1 SCYA2	CCL2	MCP1 SCYA2	Homo sapiens (Human)	9606	99
P29965	reviewed	CD40 ligand (CD40-L) (T-cell antigen Gp39) (TNF-related activation protein) (TRAP) (Tumor necrosis factor ligand superfamily member 5) (CD antigen CD154) [Cleaved into: CD40 ligand, membrane form; CD40 ligand, soluble form]	CD40LG CD40L TNFSF5 TRAP	CD40LG	CD40L TNFSF5 TRAP	Homo sapiens (Human)	9606	261
P11597	reviewed	Cholesteryl ester transfer protein (Lipid transfer protein I)	CETP	CETP		Homo sapiens (Human)	9606	493
P10645	reviewed	Chromogranin-A (CgA) (Pituitary secretory protein I) (SP-I) [Cleaved into: Vasostatin-1 (Vasostatin I); Vasostatin-2 (Vasostatin II); EA-92; ES-43; Pancreastatin; SS-18; WA-8; WE-14; LF-19; Catestatin (SL21); AL-11; GV-19; GR-44; ER-37; GE-25; Serpinin-RRG; Serpinin; p-Glu serpinin precursor]	CHGA	CHGA		Homo sapiens (Human)	9606	457
Q13231	reviewed	Chitotriosidase-1 (EC 3.2.1.14) (Chitinase-1)	CHIT1	CHIT1		Homo sapiens (Human)	9606	466
P12277	reviewed	Creatine kinase B-type (EC 2.7.3.2) (Brain creatine kinase) (B-CK) (Creatine kinase B chain) (Creatine phosphokinase B-type) (CPK-B)	CKB CKBB	CKB	CKBB	Homo sapiens (Human)	9606	381
P06732	reviewed	Creatine kinase M-type (EC 2.7.3.2) (Creatine kinase M chain) (Creatine phosphokinase M-type) (CPK-M) (M-CK)	CKM CKMM	CKM	CKMM	Homo sapiens (Human)	9606	381
P10909	reviewed	Clusterin (Aging-associated gene 4 protein) (Apolipoprotein J) (Apo-J) (Complement cytolysis inhibitor) (CLI) (Complement-associated protein SP-40,40) (Ku70-binding protein 1) (NA1/NA2) (Testosterone-repressed prostate message 2) (TRPM-2) [Cleaved into: Clusterin beta chain (ApoJalpha) (Complement cytolysis inhibitor a chain); Clusterin alpha chain (ApoJbeta) (Complement cytolysis inhibitor b chain)]	CLU APOJ CLI KUB1 AAG4	CLU	APOJ CLI KUB1	Homo sapiens (Human)	9606	449
P00450	reviewed	Ceruloplasmin (EC 1.16.3.1) (Ferroxidase)	CP	CP		Homo sapiens (Human)	9606	1065
P02741	reviewed	C-reactive protein [Cleaved into: C-reactive protein(1-205)]	CRP PTX1	CRP	PTX1	Homo sapiens (Human)	9606	224
P09603	reviewed	Macrophage colony-stimulating factor 1 (CSF-1) (M-CSF) (MCSF) (Lanimostim) [Cleaved into: Processed macrophage colony-stimulating factor 1]	CSF1	CSF1		Homo sapiens (Human)	9606	554
P07858	reviewed	Cathepsin B (EC 3.4.22.1) (APP secretase) (APPS) (Cathepsin B1) [Cleaved into: Cathepsin B light chain; Cathepsin B heavy chain]	CTSB CPSB	CTSB	CPSB	Homo sapiens (Human)	9606	339
P10145	reviewed	Interleukin-8 (IL-8) (C-X-C motif chemokine 8) (Chemokine (C-X-C motif) ligand 8) (Emoctakin) (Granulocyte chemotactic protein 1) (GCP-1) (Monocyte-derived neutrophil chemotactic factor) (MDNCF) (Monocyte-derived neutrophil-activating peptide) (MONAP) (Neutrophil-activating protein 1) (NAP-1) (Protein 3-10C) (T-cell chemotactic factor) [Cleaved into: MDNCF-a (GCP/IL-8 protein IV) (IL8/NAP1 form I); Interleukin-8 ((Ala-IL-8)77) (GCP/IL-8 protein II) (IL-8(1-77)) (IL8/NAP1 form II) (MDNCF-b); IL-8(5-77); IL-8(6-77) ((Ser-IL-8)72) (GCP/IL-8 protein I) (IL8/NAP1 form III) (Lymphocyte-derived neutrophil-activating factor) (LYNAP) (MDNCF-c) (Neutrophil-activating factor) (NAF); IL-8(7-77) (GCP/IL-8 protein V) (IL8/NAP1 form IV); IL-8(8-77) (GCP/IL-8 protein VI) (IL8/NAP1 form V); IL-8(9-77) (GCP/IL-8 protein III) (IL8/NAP1 form VI)]	CXCL8 IL8	CXCL8	IL8	Homo sapiens (Human)	9606	99
P05305	reviewed	Endothelin-1 (Preproendothelin-1) (PPET1) [Cleaved into: Endothelin-1 (ET-1); Big endothelin-1]	EDN1	EDN1		Homo sapiens (Human)	9606	212
P17813	reviewed	Endoglin (CD antigen CD105)	ENG END	ENG	END	Homo sapiens (Human)	9606	658
P09104	reviewed	Gamma-enolase (EC 4.2.1.11) (2-phospho-D-glycerate hydro-lyase) (Enolase 2) (Neural enolase) (Neuron-specific enolase) (NSE)	ENO2	ENO2		Homo sapiens (Human)	9606	434
P13929	reviewed	Beta-enolase (EC 4.2.1.11) (2-phospho-D-glycerate hydro-lyase) (Enolase 3) (Muscle-specific enolase) (MSE) (Skeletal muscle enolase)	ENO3	ENO3		Homo sapiens (Human)	9606	434
P01588	reviewed	Erythropoietin (Epoetin)	EPO	EPO		Homo sapiens (Human)	9606	193
P11678	reviewed	Eosinophil peroxidase (EPO) (EC 1.11.1.7) [Cleaved into: Eosinophil peroxidase light chain; Eosinophil peroxidase heavy chain]	EPX EPER EPO EPP	EPX	EPER EPO EPP	Homo sapiens (Human)	9606	715
P00742	reviewed	Coagulation factor X (EC 3.4.21.6) (Stuart factor) (Stuart-Prower factor) [Cleaved into: Factor X light chain; Factor X heavy chain; Activated factor Xa heavy chain]	F10	F10		Homo sapiens (Human)	9606	488
Q9BQ89	reviewed	Protein FAM110A	FAM110A C20orf55 F10	FAM110A	C20orf55 F10	Homo sapiens (Human)	9606	295
P03951	reviewed	Coagulation factor XI (FXI) (EC 3.4.21.27) (Plasma thromboplastin antecedent) (PTA) [Cleaved into: Coagulation factor XIa heavy chain; Coagulation factor XIa light chain]	F11	F11		Homo sapiens (Human)	9606	625
P00748	reviewed	Coagulation factor XII (EC 3.4.21.38) (Hageman factor) (HAF) [Cleaved into: Coagulation factor XIIa heavy chain; Beta-factor XIIa part 1; Coagulation factor XIIa light chain (Beta-factor XIIa part 2)]	F12	F12		Homo sapiens (Human)	9606	615
P00488	reviewed	Coagulation factor XIII A chain (Coagulation factor XIIIa) (EC 2.3.2.13) (Protein-glutamine gamma-glutamyltransferase A chain) (Transglutaminase A chain)	F13A1 F13A	F13A1	F13A	Homo sapiens (Human)	9606	732
P05160	reviewed	Coagulation factor XIII B chain (Fibrin-stabilizing factor B subunit) (Protein-glutamine gamma-glutamyltransferase B chain) (Transglutaminase B chain)	F13B	F13B		Homo sapiens (Human)	9606	661
P00734	reviewed	Prothrombin (EC 3.4.21.5) (Coagulation factor II) [Cleaved into: Activation peptide fragment 1; Activation peptide fragment 2; Thrombin light chain; Thrombin heavy chain]	F2	F2		Homo sapiens (Human)	9606	622
P13726	reviewed	Tissue factor (TF) (Coagulation factor III) (Thromboplastin) (CD antigen CD142)	F3	F3		Homo sapiens (Human)	9606	295
P12259	reviewed	Coagulation factor V (Activated protein C cofactor) (Proaccelerin, labile factor) [Cleaved into: Coagulation factor V heavy chain; Coagulation factor V light chain]	F5	F5		Homo sapiens (Human)	9606	2224
P08709	reviewed	Coagulation factor VII (EC 3.4.21.21) (Proconvertin) (Serum prothrombin conversion accelerator) (SPCA) (Eptacog alfa) [Cleaved into: Factor VII light chain; Factor VII heavy chain]	F7	F7		Homo sapiens (Human)	9606	466
P00451	reviewed	Coagulation factor VIII (Antihemophilic factor) (AHF) (Procoagulant component) [Cleaved into: Factor VIIIa heavy chain, 200 kDa isoform; Factor VIIIa heavy chain, 92 kDa isoform; Factor VIII B chain; Factor VIIIa light chain]	F8 F8C	F8	F8C	Homo sapiens (Human)	9606	2351
P00740	reviewed	Coagulation factor IX (EC 3.4.21.22) (Christmas factor) (Plasma thromboplastin component) (PTC) [Cleaved into: Coagulation factor IXa light chain; Coagulation factor IXa heavy chain]	F9	F9		Homo sapiens (Human)	9606	461
P05413	reviewed	Fatty acid-binding protein, heart (Fatty acid-binding protein 3) (Heart-type fatty acid-binding protein) (H-FABP) (Mammary-derived growth inhibitor) (MDGI) (Muscle fatty acid-binding protein) (M-FABP)	FABP3 FABP11 MDGI	FABP3	FABP11 MDGI	Homo sapiens (Human)	9606	133
P25445	reviewed	Tumor necrosis factor receptor superfamily member 6 (Apo-1 antigen) (Apoptosis-mediating surface antigen FAS) (FASLG receptor) (CD antigen CD95)	FAS APT1 FAS1 TNFRSF6	FAS	APT1 FAS1 TNFRSF6	Homo sapiens (Human)	9606	335
P49327	reviewed	Fatty acid synthase (EC 2.3.1.85) [Includes: [Acyl-carrier-protein] S-acetyltransferase (EC 2.3.1.38); [Acyl-carrier-protein] S-malonyltransferase (EC 2.3.1.39); 3-oxoacyl-[acyl-carrier-protein] synthase (EC 2.3.1.41); 3-oxoacyl-[acyl-carrier-protein] reductase (EC 1.1.1.100); 3-hydroxyacyl-[acyl-carrier-protein] dehydratase (EC 4.2.1.59); Enoyl-[acyl-carrier-protein] reductase (EC 1.3.1.39); Oleoyl-[acyl-carrier-protein] hydrolase (EC 3.1.2.14)]	FASN FAS	FASN	FAS	Homo sapiens (Human)	9606	2511
P02671	reviewed	Fibrinogen alpha chain [Cleaved into: Fibrinopeptide A; Fibrinogen alpha chain]	FGA	FGA		Homo sapiens (Human)	9606	866
P02675	reviewed	Fibrinogen beta chain [Cleaved into: Fibrinopeptide B; Fibrinogen beta chain]	FGB	FGB		Homo sapiens (Human)	9606	491
P09038	reviewed	Fibroblast growth factor 2 (FGF-2) (Basic fibroblast growth factor) (bFGF) (Heparin-binding growth factor 2) (HBGF-2)	FGF2 FGFB	FGF2	FGFB	Homo sapiens (Human)	9606	288
P02679	reviewed	Fibrinogen gamma chain	FGG PRO2061	FGG		Homo sapiens (Human)	9606	453
P02751	reviewed	Fibronectin (FN) (Cold-insoluble globulin) (CIG) [Cleaved into: Anastellin; Ugl-Y1; Ugl-Y2; Ugl-Y3]	FN1 FN	FN1	FN	Homo sapiens (Human)	9606	2386
P19883	reviewed	Follistatin (FS) (Activin-binding protein)	FST	FST		Homo sapiens (Human)	9606	344
P02794	reviewed	Ferritin heavy chain (Ferritin H subunit) (EC 1.16.3.1) (Cell proliferation-inducing gene 15 protein) [Cleaved into: Ferritin heavy chain, N-terminally processed]	FTH1 FTH FTHL6 OK/SW-cl.84 PIG15	FTH1	FTH FTHL6	Homo sapiens (Human)	9606	183
P02792	reviewed	Ferritin light chain (Ferritin L subunit)	FTL	FTL		Homo sapiens (Human)	9606	175
P14136	reviewed	Glial fibrillary acidic protein (GFAP)	GFAP	GFAP		Homo sapiens (Human)	9606	432
P19440	reviewed	Glutathione hydrolase 1 proenzyme (EC 3.4.19.13) (Gamma-glutamyltransferase 1) (Gamma-glutamyltranspeptidase 1) (GGT 1) (EC 2.3.2.2) (Leukotriene-C4 hydrolase) (EC 3.4.19.14) (CD antigen CD224) [Cleaved into: Glutathione hydrolase 1 heavy chain; Glutathione hydrolase 1 light chain]	GGT1 GGT	GGT1	GGT	Homo sapiens (Human)	9606	569
P01241	reviewed	Somatotropin (Growth hormone) (GH) (GH-N) (Growth hormone 1) (Pituitary growth hormone)	GH1	GH1		Homo sapiens (Human)	9606	217
P00505	reviewed	Aspartate aminotransferase, mitochondrial (mAspAT) (EC 2.6.1.1) (EC 2.6.1.7) (Fatty acid-binding protein) (FABP-1) (Glutamate oxaloacetate transaminase 2) (Kynurenine aminotransferase 4) (Kynurenine aminotransferase IV) (Kynurenine--oxoglutarate transaminase 4) (Kynurenine--oxoglutarate transaminase IV) (Plasma membrane-associated fatty acid-binding protein) (FABPpm) (Transaminase A)	GOT2	GOT2		Homo sapiens (Human)	9606	430
Q14520	reviewed	Hyaluronan-binding protein 2 (EC 3.4.21.-) (Factor VII-activating protease) (Factor seven-activating protease) (FSAP) (Hepatocyte growth factor activator-like protein) (Plasma hyaluronan-binding protein) [Cleaved into: Hyaluronan-binding protein 2 50 kDa heavy chain; Hyaluronan-binding protein 2 50 kDa heavy chain alternate form; Hyaluronan-binding protein 2 27 kDa light chain; Hyaluronan-binding protein 2 27 kDa light chain alternate form]	HABP2 HGFAL PHBP	HABP2	HGFAL PHBP	Homo sapiens (Human)	9606	560
P06865	reviewed	Beta-hexosaminidase subunit alpha (EC 3.2.1.52) (Beta-N-acetylhexosaminidase subunit alpha) (Hexosaminidase subunit A) (N-acetyl-beta-glucosaminidase subunit alpha)	HEXA	HEXA		Homo sapiens (Human)	9606	529
P14210	reviewed	Hepatocyte growth factor (Hepatopoietin-A) (Scatter factor) (SF) [Cleaved into: Hepatocyte growth factor alpha chain; Hepatocyte growth factor beta chain]	HGF HPTA	HGF	HPTA	Homo sapiens (Human)	9606	728
P02790	reviewed	Hemopexin (Beta-1B-glycoprotein)	HPX	HPX		Homo sapiens (Human)	9606	462
P05362	reviewed	Intercellular adhesion molecule 1 (ICAM-1) (Major group rhinovirus receptor) (CD antigen CD54)	ICAM1	ICAM1		Homo sapiens (Human)	9606	532
P08833	reviewed	Insulin-like growth factor-binding protein 1 (IBP-1) (IGF-binding protein 1) (IGFBP-1) (Placental protein 12) (PP12)	IGFBP1 IBP1	IGFBP1	IBP1	Homo sapiens (Human)	9606	259
P22301	reviewed	Interleukin-10 (IL-10) (Cytokine synthesis inhibitory factor) (CSIF)	IL10	IL10		Homo sapiens (Human)	9606	178
Q14116	reviewed	Interleukin-18 (IL-18) (Iboctadekin) (Interferon gamma-inducing factor) (IFN-gamma-inducing factor) (Interleukin-1 gamma) (IL-1 gamma)	IL18 IGIF IL1F4	IL18	IGIF IL1F4	Homo sapiens (Human)	9606	193
P01584	reviewed	Interleukin-1 beta (IL-1 beta) (Catabolin)	IL1B IL1F2	IL1B	IL1F2	Homo sapiens (Human)	9606	269
Q01638	reviewed	Interleukin-1 receptor-like 1 (Protein ST2)	IL1RL1 DER4 ST2 T1	IL1RL1	DER4 ST2 T1	Homo sapiens (Human)	9606	556
P18510	reviewed	Interleukin-1 receptor antagonist protein (IL-1RN) (IL-1ra) (IRAP) (ICIL-1RA) (IL1 inhibitor) (Anakinra)	IL1RN IL1F3 IL1RA	IL1RN	IL1F3 IL1RA	Homo sapiens (Human)	9606	177
P60568	reviewed	Interleukin-2 (IL-2) (T-cell growth factor) (TCGF) (Aldesleukin)	IL2	IL2		Homo sapiens (Human)	9606	153
P05231	reviewed	Interleukin-6 (IL-6) (B-cell stimulatory factor 2) (BSF-2) (CTL differentiation factor) (CDF) (Hybridoma growth factor) (Interferon beta-2) (IFN-beta-2)	IL6 IFNB2	IL6	IFNB2	Homo sapiens (Human)	9606	212
P08887	reviewed	Interleukin-6 receptor subunit alpha (IL-6 receptor subunit alpha) (IL-6R subunit alpha) (IL-6R-alpha) (IL-6RA) (IL-6R 1) (Membrane glycoprotein 80) (gp80) (CD antigen CD126)	IL6R	IL6R		Homo sapiens (Human)	9606	468
P40189	reviewed	Interleukin-6 receptor subunit beta (IL-6 receptor subunit beta) (IL-6R subunit beta) (IL-6R-beta) (IL-6RB) (CDw130) (Interleukin-6 signal transducer) (Membrane glycoprotein 130) (gp130) (Oncostatin-M receptor subunit alpha) (CD antigen CD130)	IL6ST	IL6ST		Homo sapiens (Human)	9606	918
P08476	reviewed	Inhibin beta A chain (Activin beta-A chain) (Erythroid differentiation protein) (EDF)	INHBA	INHBA		Homo sapiens (Human)	9606	426
P01308	reviewed	Insulin [Cleaved into: Insulin B chain; Insulin A chain]	INS	INS		Homo sapiens (Human)	9606	110
P08514	reviewed	Integrin alpha-IIb (GPalpha IIb) (GPIIb) (Platelet membrane glycoprotein IIb) (CD antigen CD41) [Cleaved into: Integrin alpha-IIb heavy chain; Integrin alpha-IIb light chain, form 1; Integrin alpha-IIb light chain, form 2]	ITGA2B GP2B ITGAB	ITGA2B	GP2B ITGAB	Homo sapiens (Human)	9606	1039
P80188	reviewed	Neutrophil gelatinase-associated lipocalin (NGAL) (25 kDa alpha-2-microglobulin-related subunit of MMP-9) (Lipocalin-2) (Oncogene 24p3) (Siderocalin) (p25)	LCN2 HNL NGAL	LCN2	HNL NGAL	Homo sapiens (Human)	9606	198
P41159	reviewed	Leptin (Obese protein) (Obesity factor)	LEP OB OBS	LEP	OB OBS	Homo sapiens (Human)	9606	167
O15243	reviewed	Leptin receptor gene-related protein (Endospanin-1) (Leptin receptor overlapping transcript protein) (OB-R gene-related protein) (OB-RGRP)	LEPROT LEPR OBR	LEPROT	LEPR OBR	Homo sapiens (Human)	9606	131
P48357	reviewed	Leptin receptor (LEP-R) (HuB219) (OB receptor) (OB-R) (CD antigen CD295)	LEPR DB OBR	LEPR	DB OBR	Homo sapiens (Human)	9606	1165
P08519	reviewed	Apolipoprotein(a) (Apo(a)) (Lp(a)) (EC 3.4.21.-)	LPA	LPA		Homo sapiens (Human)	9606	4548
P06858	reviewed	Lipoprotein lipase (LPL) (EC 3.1.1.34)	LPL LIPD	LPL	LIPD	Homo sapiens (Human)	9606	475
Q07954	reviewed	Prolow-density lipoprotein receptor-related protein 1 (LRP-1) (Alpha-2-macroglobulin receptor) (A2MR) (Apolipoprotein E receptor) (APOER) (CD antigen CD91) [Cleaved into: Low-density lipoprotein receptor-related protein 1 85 kDa subunit (LRP-85); Low-density lipoprotein receptor-related protein 1 515 kDa subunit (LRP-515); Low-density lipoprotein receptor-related protein 1 intracellular domain (LRPICD)]	LRP1 A2MR APR	LRP1	A2MR APR	Homo sapiens (Human)	9606	4544
P10636	reviewed	Microtubule-associated protein tau (Neurofibrillary tangle protein) (Paired helical filament-tau) (PHF-tau)	MAPT MAPTL MTBT1 TAU	MAPT	MAPTL MTBT1 TAU	Homo sapiens (Human)	9606	758
P02144	reviewed	Myoglobin	MB	MB		Homo sapiens (Human)	9606	154
P02686	reviewed	Myelin basic protein (MBP) (Myelin A1 protein) (Myelin membrane encephalitogenic protein)	MBP	MBP		Homo sapiens (Human)	9606	304
P13727	reviewed	Bone marrow proteoglycan (BMPG) (Proteoglycan 2) [Cleaved into: Eosinophil granule major basic protein (EMBP) (MBP) (Pregnancy-associated major basic protein)]	PRG2 MBP	PRG2	MBP	Homo sapiens (Human)	9606	222
P08473	reviewed	Neprilysin (EC 3.4.24.11) (Atriopeptidase) (Common acute lymphocytic leukemia antigen) (CALLA) (Enkephalinase) (Neutral endopeptidase 24.11) (NEP) (Neutral endopeptidase) (Skin fibroblast elastase) (SFE) (CD antigen CD10)	MME EPN	MME	EPN	Homo sapiens (Human)	9606	750
P03956	reviewed	Interstitial collagenase (EC 3.4.24.7) (Fibroblast collagenase) (Matrix metalloproteinase-1) (MMP-1) [Cleaved into: 22 kDa interstitial collagenase; 27 kDa interstitial collagenase]	MMP1 CLG	MMP1	CLG	Homo sapiens (Human)	9606	469
P08253	reviewed	72 kDa type IV collagenase (EC 3.4.24.24) (72 kDa gelatinase) (Gelatinase A) (Matrix metalloproteinase-2) (MMP-2) (TBE-1) [Cleaved into: PEX]	MMP2 CLG4A	MMP2	CLG4A	Homo sapiens (Human)	9606	660
P08254	reviewed	Stromelysin-1 (SL-1) (EC 3.4.24.17) (Matrix metalloproteinase-3) (MMP-3) (Transin-1)	MMP3 STMY1	MMP3	STMY1	Homo sapiens (Human)	9606	477
P14780	reviewed	Matrix metalloproteinase-9 (MMP-9) (EC 3.4.24.35) (92 kDa gelatinase) (92 kDa type IV collagenase) (Gelatinase B) (GELB) [Cleaved into: 67 kDa matrix metalloproteinase-9; 82 kDa matrix metalloproteinase-9]	MMP9 CLG4B	MMP9	CLG4B	Homo sapiens (Human)	9606	707
P05164	reviewed	Myeloperoxidase (MPO) (EC 1.11.2.2) [Cleaved into: Myeloperoxidase; 89 kDa myeloperoxidase; 84 kDa myeloperoxidase; Myeloperoxidase light chain; Myeloperoxidase heavy chain]	MPO	MPO		Homo sapiens (Human)	9606	745
P35749	reviewed	Myosin-11 (Myosin heavy chain 11) (Myosin heavy chain, smooth muscle isoform) (SMMHC)	MYH11 KIAA0866	MYH11	KIAA0866	Homo sapiens (Human)	9606	1972
P13533	reviewed	Myosin-6 (Myosin heavy chain 6) (Myosin heavy chain, cardiac muscle alpha isoform) (MyHC-alpha)	MYH6 MYHCA	MYH6	MYHCA	Homo sapiens (Human)	9606	1939
P12883	reviewed	Myosin-7 (Myosin heavy chain 7) (Myosin heavy chain slow isoform) (MyHC-slow) (Myosin heavy chain, cardiac muscle beta isoform) (MyHC-beta)	MYH7 MYHCB	MYH7	MYHCB	Homo sapiens (Human)	9606	1935
P10916	reviewed	Myosin regulatory light chain 2, ventricular/cardiac muscle isoform (MLC-2) (MLC-2v) (Cardiac myosin light chain 2) (Myosin light chain 2, slow skeletal/ventricular muscle isoform) (MLC-2s/v) (Ventricular myosin light chain 2)	MYL2 MLC2	MYL2	MLC2	Homo sapiens (Human)	9606	166
P08590	reviewed	Myosin light chain 3 (Cardiac myosin light chain 1) (CMLC1) (Myosin light chain 1, slow-twitch muscle B/ventricular isoform) (MLC1SB) (Ventricular myosin alkali light chain) (Ventricular myosin light chain 1) (VLCl) (Ventricular/slow twitch myosin alkali light chain) (MLC-lV/sb)	MYL3	MYL3		Homo sapiens (Human)	9606	195
P01138	reviewed	Beta-nerve growth factor (Beta-NGF)	NGF NGFB	NGF	NGFB	Homo sapiens (Human)	9606	241
P01160	reviewed	Natriuretic peptides A (CDD-ANF) (Cardiodilatin) (CDD) (Cardiodilatin-related peptide) (CDP) (Prepronatriodilatin) [Cleaved into: Atrial natriuretic factor (ANF) (Atrial natriuretic peptide) (ANP)]	NPPA ANP PND	NPPA	ANP PND	Homo sapiens (Human)	9606	153
P16860	reviewed	Natriuretic peptides B (Gamma-brain natriuretic peptide) [Cleaved into: Brain natriuretic peptide 32 (BNP(1-32)) (BNP-32); BNP(1-30); BNP(1-29); BNP(1-28); BNP(2-31); BNP(3-32); BNP(3-30); BNP(3-29); BNP(4-32); BNP(4-31); BNP(4-30); BNP(4-29); BNP(4-27); BNP(5-32); BNP(5-31); BNP(5-29)]	NPPB	NPPB		Homo sapiens (Human)	9606	134
P02763	reviewed	Alpha-1-acid glycoprotein 1 (AGP 1) (Orosomucoid-1) (OMD 1)	ORM1 AGP1	ORM1	AGP1	Homo sapiens (Human)	9606	201
Q13219	reviewed	Pappalysin-1 (EC 3.4.24.79) (Insulin-like growth factor-dependent IGF-binding protein 4 protease) (IGF-dependent IGFBP-4 protease) (IGFBP-4ase) (Pregnancy-associated plasma protein A) (PAPP-A)	PAPPA	PAPPA		Homo sapiens (Human)	9606	1627
P04085	reviewed	Platelet-derived growth factor subunit A (PDGF subunit A) (PDGF-1) (Platelet-derived growth factor A chain) (Platelet-derived growth factor alpha polypeptide)	PDGFA PDGF1	PDGFA	PDGF1	Homo sapiens (Human)	9606	211
P01127	reviewed	Platelet-derived growth factor subunit B (PDGF subunit B) (PDGF-2) (Platelet-derived growth factor B chain) (Platelet-derived growth factor beta polypeptide) (Proto-oncogene c-Sis) (Becaplermin)	PDGFB PDGF2 SIS	PDGFB	PDGF2 SIS	Homo sapiens (Human)	9606	241
P02776	reviewed	Platelet factor 4 (PF-4) (C-X-C motif chemokine 4) (Iroplact) (Oncostatin-A) [Cleaved into: Platelet factor 4, short form (Endothelial cell growth inhibitor)]	PF4 CXCL4 SCYB4	PF4	CXCL4 SCYB4	Homo sapiens (Human)	9606	101
P18669	reviewed	Phosphoglycerate mutase 1 (EC 5.4.2.11) (EC 5.4.2.4) (BPG-dependent PGAM 1) (Phosphoglycerate mutase isozyme B) (PGAM-B)	PGAM1 PGAMA CDABP0006	PGAM1	PGAMA	Homo sapiens (Human)	9606	254
P49763	reviewed	Placenta growth factor (PlGF)	PGF PGFL PLGF	PGF	PGFL PLGF	Homo sapiens (Human)	9606	221
P04054	reviewed	Phospholipase A2 (EC 3.1.1.4) (Group IB phospholipase A2) (Phosphatidylcholine 2-acylhydrolase 1B)	PLA2G1B PLA2 PLA2A PPLA2	PLA2G1B	PLA2 PLA2A PPLA2	Homo sapiens (Human)	9606	148
Q13093	reviewed	Platelet-activating factor acetylhydrolase (PAF acetylhydrolase) (EC 3.1.1.47) (1-alkyl-2-acetylglycerophosphocholine esterase) (2-acetyl-1-alkylglycerophosphocholine esterase) (Group-VIIA phospholipase A2) (gVIIA-PLA2) (LDL-associated phospholipase A2) (LDL-PLA(2)) (PAF 2-acylhydrolase)	PLA2G7 PAFAH	PLA2G7	PAFAH	Homo sapiens (Human)	9606	441
P00750	reviewed	Tissue-type plasminogen activator (t-PA) (t-plasminogen activator) (tPA) (EC 3.4.21.68) (Alteplase) (Reteplase) [Cleaved into: Tissue-type plasminogen activator chain A; Tissue-type plasminogen activator chain B]	PLAT	PLAT		Homo sapiens (Human)	9606	562
P00747	reviewed	Plasminogen (EC 3.4.21.7) [Cleaved into: Plasmin heavy chain A; Activation peptide; Angiostatin; Plasmin heavy chain A, short form; Plasmin light chain B]	PLG	PLG		Homo sapiens (Human)	9606	810
P27169	reviewed	Serum paraoxonase/arylesterase 1 (PON 1) (EC 3.1.1.2) (EC 3.1.1.81) (EC 3.1.8.1) (Aromatic esterase 1) (A-esterase 1) (K-45) (Serum aryldialkylphosphatase 1)	PON1 PON	PON1	PON	Homo sapiens (Human)	9606	355
Q15165	reviewed	Serum paraoxonase/arylesterase 2 (PON 2) (EC 3.1.1.2) (EC 3.1.1.81) (Aromatic esterase 2) (A-esterase 2) (Serum aryldialkylphosphatase 2)	PON2	PON2		Homo sapiens (Human)	9606	354
Q15166	reviewed	Serum paraoxonase/lactonase 3 (EC 3.1.1.2) (EC 3.1.1.81) (EC 3.1.8.1)	PON3	PON3		Homo sapiens (Human)	9606	354
P04070	reviewed	Vitamin K-dependent protein C (EC 3.4.21.69) (Anticoagulant protein C) (Autoprothrombin IIA) (Blood coagulation factor XIV) [Cleaved into: Vitamin K-dependent protein C light chain; Vitamin K-dependent protein C heavy chain; Activation peptide]	PROC	PROC		Homo sapiens (Human)	9606	461
Q9UNN8	reviewed	Endothelial protein C receptor (Activated protein C receptor) (APC receptor) (Endothelial cell protein C receptor) (CD antigen CD201)	PROCR EPCR	PROCR	EPCR	Homo sapiens (Human)	9606	238
P07225	reviewed	Vitamin K-dependent protein S	PROS1 PROS	PROS1	PROS	Homo sapiens (Human)	9606	676
P22891	reviewed	Vitamin K-dependent protein Z	PROZ	PROZ		Homo sapiens (Human)	9606	400
P24158	reviewed	Myeloblastin (EC 3.4.21.76) (AGP7) (C-ANCA antigen) (Leukocyte proteinase 3) (PR-3) (PR3) (Neutrophil proteinase 4) (NP-4) (P29) (Wegener autoantigen)	PRTN3 MBN	PRTN3	MBN	Homo sapiens (Human)	9606	256
P11216	reviewed	Glycogen phosphorylase, brain form (EC 2.4.1.1)	PYGB	PYGB		Homo sapiens (Human)	9606	843
P00797	reviewed	Renin (EC 3.4.23.15) (Angiotensinogenase)	REN	REN		Homo sapiens (Human)	9606	406
Q693B1	reviewed	BTB/POZ domain-containing protein KCTD11 (KCASH1 protein) (Potassium channel tetramerization domain-containing protein 11) (RING-type E3 ubiquitin transferase subunit KCTD11)	KCTD11 C17orf36 REN	KCTD11	C17orf36 REN	Homo sapiens (Human)	9606	232
Q9HD89	reviewed	Resistin (Adipose tissue-specific secretory factor) (ADSF) (C/EBP-epsilon-regulated myeloid-specific secreted cysteine-rich protein) (Cysteine-rich secreted protein A12-alpha-like 2) (Cysteine-rich secreted protein FIZZ3)	RETN FIZZ3 HXCP1 RSTN UNQ407/PRO1199	RETN	FIZZ3 HXCP1 RSTN	Homo sapiens (Human)	9606	108
P04271	reviewed	Protein S100-B (S-100 protein beta chain) (S-100 protein subunit beta) (S100 calcium-binding protein B)	S100B	S100B		Homo sapiens (Human)	9606	92
P16581	reviewed	E-selectin (CD62 antigen-like family member E) (Endothelial leukocyte adhesion molecule 1) (ELAM-1) (Leukocyte-endothelial cell adhesion molecule 2) (LECAM2) (CD antigen CD62E)	SELE ELAM1	SELE	ELAM1	Homo sapiens (Human)	9606	610
P14151	reviewed	L-selectin (CD62 antigen-like family member L) (Leukocyte adhesion molecule 1) (LAM-1) (Leukocyte surface antigen Leu-8) (Leukocyte-endothelial cell adhesion molecule 1) (LECAM1) (Lymph node homing receptor) (TQ1) (gp90-MEL) (CD antigen CD62L)	SELL LNHR LYAM1	SELL	LNHR LYAM1	Homo sapiens (Human)	9606	372
P16109	reviewed	P-selectin (CD62 antigen-like family member P) (Granule membrane protein 140) (GMP-140) (Leukocyte-endothelial cell adhesion molecule 3) (LECAM3) (Platelet activation dependent granule-external membrane protein) (PADGEM) (CD antigen CD62P)	SELP GMRP GRMP	SELP	GMRP GRMP	Homo sapiens (Human)	9606	830
P49908	reviewed	Selenoprotein P (SeP)	SELENOP SELP SEPP1	SELENOP	SELP SEPP1	Homo sapiens (Human)	9606	381
Q14242	reviewed	P-selectin glycoprotein ligand 1 (PSGL-1) (Selectin P ligand) (CD antigen CD162)	SELPLG	SELPLG		Homo sapiens (Human)	9606	412
P01009	reviewed	Alpha-1-antitrypsin (Alpha-1 protease inhibitor) (Alpha-1-antiproteinase) (Serpin A1) [Cleaved into: Short peptide from AAT (SPAAT)]	SERPINA1 AAT PI PRO0684 PRO2209	SERPINA1	AAT PI	Homo sapiens (Human)	9606	418
P01011	reviewed	Alpha-1-antichymotrypsin (ACT) (Cell growth-inhibiting gene 24/25 protein) (Serpin A3) [Cleaved into: Alpha-1-antichymotrypsin His-Pro-less]	SERPINA3 AACT GIG24 GIG25	SERPINA3	AACT	Homo sapiens (Human)	9606	423
P05154	reviewed	Plasma serine protease inhibitor (Acrosomal serine protease inhibitor) (Plasminogen activator inhibitor 3) (PAI-3) (PAI3) (Protein C inhibitor) (PCI) (Serpin A5)	SERPINA5 PCI PLANH3 PROCI	SERPINA5	PCI PLANH3 PROCI	Homo sapiens (Human)	9606	406
P01008	reviewed	Antithrombin-III (ATIII) (Serpin C1)	SERPINC1 AT3 PRO0309	SERPINC1	AT3	Homo sapiens (Human)	9606	464
P05546	reviewed	Heparin cofactor 2 (Heparin cofactor II) (HC-II) (Protease inhibitor leuserpin-2) (HLS2) (Serpin D1)	SERPIND1 HCF2	SERPIND1	HCF2	Homo sapiens (Human)	9606	499
P05121	reviewed	Plasminogen activator inhibitor 1 (PAI) (PAI-1) (Endothelial plasminogen activator inhibitor) (Serpin E1)	SERPINE1 PAI1 PLANH1	SERPINE1	PAI1 PLANH1	Homo sapiens (Human)	9606	402
P08697	reviewed	Alpha-2-antiplasmin (Alpha-2-AP) (Alpha-2-plasmin inhibitor) (Alpha-2-PI) (Serpin F2)	SERPINF2 AAP PLI	SERPINF2	AAP PLI	Homo sapiens (Human)	9606	491
P05155	reviewed	Plasma protease C1 inhibitor (C1 Inh) (C1Inh) (C1 esterase inhibitor) (C1-inhibiting factor) (Serpin G1)	SERPING1 C1IN C1NH	SERPING1	C1IN C1NH	Homo sapiens (Human)	9606	500
P04278	reviewed	Sex hormone-binding globulin (SHBG) (Sex steroid-binding protein) (SBP) (Testis-specific androgen-binding protein) (ABP) (Testosterone-estradiol-binding globulin) (TeBG) (Testosterone-estrogen-binding globulin)	SHBG	SHBG		Homo sapiens (Human)	9606	402
P10646	reviewed	Tissue factor pathway inhibitor (TFPI) (Extrinsic pathway inhibitor) (EPI) (Lipoprotein-associated coagulation inhibitor) (LACI)	TFPI LACI TFPI1	TFPI	LACI TFPI1	Homo sapiens (Human)	9606	304
P01137	reviewed	Transforming growth factor beta-1 proprotein [Cleaved into: Latency-associated peptide (LAP); Transforming growth factor beta-1 (TGF-beta-1)]	TGFB1 TGFB	TGFB1	TGFB	Homo sapiens (Human)	9606	390
P07204	reviewed	Thrombomodulin (TM) (Fetomodulin) (CD antigen CD141)	THBD THRM	THBD	THRM	Homo sapiens (Human)	9606	575
P07996	reviewed	Thrombospondin-1 (Glycoprotein G)	THBS1 TSP TSP1	THBS1	TSP TSP1	Homo sapiens (Human)	9606	1170
P01033	reviewed	Metalloproteinase inhibitor 1 (Erythroid-potentiating activity) (EPA) (Fibroblast collagenase inhibitor) (Collagenase inhibitor) (Tissue inhibitor of metalloproteinases 1) (TIMP-1)	TIMP1 CLGI TIMP	TIMP1	CLGI TIMP	Homo sapiens (Human)	9606	207
P16035	reviewed	Metalloproteinase inhibitor 2 (CSC-21K) (Tissue inhibitor of metalloproteinases 2) (TIMP-2)	TIMP2	TIMP2		Homo sapiens (Human)	9606	220
P01375	reviewed	Tumor necrosis factor (Cachectin) (TNF-alpha) (Tumor necrosis factor ligand superfamily member 2) (TNF-a) [Cleaved into: Tumor necrosis factor, membrane form (N-terminal fragment) (NTF); Intracellular domain 1 (ICD1); Intracellular domain 2 (ICD2); C-domain 1; C-domain 2; Tumor necrosis factor, soluble form]	TNF TNFA TNFSF2	TNF	TNFA TNFSF2	Homo sapiens (Human)	9606	233
O00300	reviewed	Tumor necrosis factor receptor superfamily member 11B (Osteoclastogenesis inhibitory factor) (Osteoprotegerin)	TNFRSF11B OCIF OPG	TNFRSF11B	OCIF OPG	Homo sapiens (Human)	9606	401
P19438	reviewed	Tumor necrosis factor receptor superfamily member 1A (Tumor necrosis factor receptor 1) (TNF-R1) (Tumor necrosis factor receptor type I) (TNF-RI) (TNFR-I) (p55) (p60) (CD antigen CD120a) [Cleaved into: Tumor necrosis factor receptor superfamily member 1A, membrane form; Tumor necrosis factor-binding protein 1 (TBPI)]	TNFRSF1A TNFAR TNFR1	TNFRSF1A	TNFAR TNFR1	Homo sapiens (Human)	9606	455
P20333	reviewed	Tumor necrosis factor receptor superfamily member 1B (Tumor necrosis factor receptor 2) (TNF-R2) (Tumor necrosis factor receptor type II) (TNF-RII) (TNFR-II) (p75) (p80 TNF-alpha receptor) (CD antigen CD120b) (Etanercept) [Cleaved into: Tumor necrosis factor receptor superfamily member 1b, membrane form; Tumor necrosis factor-binding protein 2 (TBP-2) (TBPII)]	TNFRSF1B TNFBR TNFR2	TNFRSF1B	TNFBR TNFR2	Homo sapiens (Human)	9606	461
P19429	reviewed	Troponin I, cardiac muscle (Cardiac troponin I)	TNNI3 TNNC1	TNNI3	TNNC1	Homo sapiens (Human)	9606	210
P45379	reviewed	Troponin T, cardiac muscle (TnTc) (Cardiac muscle troponin T) (cTnT)	TNNT2	TNNT2		Homo sapiens (Human)	9606	298
P09493	reviewed	Tropomyosin alpha-1 chain (Alpha-tropomyosin) (Tropomyosin-1)	TPM1 C15orf13 TMSA	TPM1	C15orf13 TMSA	Homo sapiens (Human)	9606	284
P15692	reviewed	Vascular endothelial growth factor A (VEGF-A) (Vascular permeability factor) (VPF)	VEGFA VEGF	VEGFA	VEGF	Homo sapiens (Human)	9606	232
P04004	reviewed	Vitronectin (VN) (S-protein) (Serum-spreading factor) (V75) [Cleaved into: Vitronectin V65 subunit; Vitronectin V10 subunit; Somatomedin-B]	VTN	VTN		Homo sapiens (Human)	9606	478
P04275	reviewed	von Willebrand factor (vWF) [Cleaved into: von Willebrand antigen 2 (von Willebrand antigen II)]	VWF F8VWF	VWF	F8VWF	Homo sapiens (Human)	9606	2813
