ABL1(E255K)	P00519(E255K)	P00519_E255K
ABL1(F317I)	P00519(F317I)	P00519_F317I
ABL1(F317L)	P00519(F317L)	P00519_F317L
ABL1(F359V)	P00519(F359V)	P00519_F359V
ABL1(G250E)	P00519(G250E)	P00519_G250E
ABL1(H396P)	P00519(H396P)	P00519_H396P
ABL1(M351T)	P00519(M351T)	P00519_M351T
ABL1(Q252H)	P00519(Q252H)	P00519_Q252H
ABL1(T315I)	P00519(T315I)	P00519_T315I
ABL1(T315N)	P00519(T315N)	P00519_T315N
ABL1(Y253F)	P00519(Y253F)	P00519_Y253F
AKR1B10(F123A)	O60218(F123A)	O60218_F123A
AKR1B10(K125L)	O60218(K125L)	O60218_K125L
AKR1B10(Q114T)	O60218(Q114T)	O60218_Q114T
AKR1B10(Q303S)	O60218(Q303S)	O60218_Q303S
AKR1B10(S304A)	O60218(S304A)	O60218_S304A
AKR1B10(V301L)	O60218(V301L)	O60218_V301L
AKR1B10(V301L,Q303S)	O60218(V301L,Q303S)	O60218_V301L,Q303S
AKR1B10(W220Y)	O60218(W220Y)	O60218_W220Y
AKR1C1(F311A)	Q04828(F311A)	Q04828_F311A
AKR1C1(F311L)	Q04828(F311L)	Q04828_F311L
AKR1C1(L306A)	Q04828(L306A)	Q04828_L306A
AKR1C1(L308A)	Q04828(L308A)	Q04828_L308A
AKR1C1(L308V)	Q04828(L308V)	Q04828_L308V
AKR1C1(L54V)	Q04828(L54V)	Q04828_L54V
AKT1(S473D)	P31749(S473D)	P31749_S473D
AKT1(S478G)	P31749(S478G)	P31749_S478G
AKT2(S474D)	P31751(S474D)	P31751_S474D
AKT3(S472D)	Q9Y243(S472D)	Q9Y243_S472D
ALK(C1156Y)	Q9UM73(C1156Y)	Q9UM73_C1156Y
ALK(L1196M)	Q9UM73(L1196M)	Q9UM73_L1196M
ARAF(Y301D,Y302D)	P10398(Y301D,Y302D)	P10398_Y301D,Y302D
AURKA(I31F)	O14965(I31F)	O14965_I31F
AXL(Q764R)	P30530(Q764R)	P30530_Q764R
BLK(M278V)	P51451(M278V)	P51451_M278V
BMX(V600E)	P51813(V600E)	P51813_V600E
BRAF(V599E)	P15056(V599E)	P15056_V599E
BRAF(V600E)	P15056(V600E)	P15056_V600E
BRSK2(S251I)	Q8IWQ3(S251I)	Q8IWQ3_S251I
BTK(R28H)	Q06187(R28H)	Q06187_R28H
CHEK2(I157T)	O96017(I157T)	O96017_I157T
CHEK2(R145W)	O96017(R145W)	O96017_R145W
CHRM2(W422A)	P06199(W422A)	P06199_W422A
CHRM2(Y104A)	P06199(Y104A)	P06199_Y104A
CHRM2(Y177Q)	P06199(Y177Q)	P06199_Y177Q
CSNK1G3(K91E,R174G,E302D)	Q9Y6M4(K91E,R174G,E302D)	Q9Y6M4_K91E,R174G,E302D
DDR2(S642A)	Q16832(S642A)	Q16832_S642A
DRD3(D110E)	P52703(D110E)	P52703_D110E
DRD3(H349A)	P52703(H349A)	P52703_H349A
DRD3(S196A)	P52703(S196A)	P52703_S196A
DRD3(V180E,S182I)	P52703(V180E,S182I)	P52703_V180E,S182I
DRD3(V87F,F106L,V107M)	P52703(V87F,F106L,V107M)	P52703_V87F,F106L,V107M
DRD3(V87F)	P52703(V87F)	P52703_V87F
EEF2K(H23R)	O00418(H23R)	O00418_H23R
EGFR(A750P)	P00533(A750P)	P00533_A750P
EGFR(G719C)	P00533(G719C)	P00533_G719C
EGFR(G719S)	P00533(G719S)	P00533_G719S
EGFR(L858R)	P00533(L858R)	P00533_L858R
EGFR(L858R,T790M)	P00533(L858R,T790M)	P00533_L858R,T790M
EGFR(L861Q)	P00533(L861Q)	P00533_L861Q
EGFR(P753S)	P00533(P753S)	P00533_P753S
EGFR(T790M,L858R)	P00533(T790M,L858R)	P00533_T790M,L858R
EGFR(T790M)	P00533(T790M)	P00533_T790M
EIF2AK4_KD1_KD2	Q9P2K8	Q9P2K8
EPHB2(A848S,K918E)	P29323(A848S,K918E)	P29323_A848S,K918E
EZH2(Y641N)	Q15910(Y641N)	Q15910_Y641N
FGFR1(K650E)	P11362(K650E)	P11362_K650E
FGFR1(V561M)	P11362(V561M)	P11362_V561M
FGFR2(N549H)	P21802(N549H)	P21802_N549H
FGFR3(G697C)	P22607(G697C)	P22607_G697C
FGFR3(K650E)	P22607(K650E)	P22607_K650E
FLT3(D835H)	P36888(D835H)	P36888_D835H
FLT3(D835Y)	P36888(D835Y)	P36888_D835Y
FLT3(K663Q)	P36888(K663Q)	P36888_K663Q
FLT3(N841I)	P36888(N841I)	P36888_N841I
FLT3(R834Q)	P36888(R834Q)	P36888_R834Q
FLT4(Q890H)	P35916(Q890H)	P35916_Q890H
FLT4(V1128L,H1146R)	P35916(V1128L,H1146R)	P35916_V1128L,H1146R
GCN2(Kin.Dom.2,S808G)	Q9P2K8(S808G,Kin.Dom.2-C-terminal)	Q9P2K8_S808G_Kin.Dom.2-C-terminal
EIF2AK4_KD2(S808G)	Q9P2K8(S808G,Kin.Dom.2-C-terminal)	Q9P2K8_S808G_Kin.Dom.2-C-terminal
GSK3A(S449A)	P49840(S449A)	P49840_S449A
GSK3B(H350L)	P49841(H350L)	P49841_H350L
HCRTR1(I408V)	O43613(I408V)	O43613_I408V
HIPK2(I471N)	Q9H2X6(I471N)	Q9H2X6_I471N
IDH1(R132C)	O75874(R132C)	O75874_R132C
IDH1(R132H)	O75874(R132H)	O75874_R132H
IRAK4(A81V)	Q9NWZ3(A81V)	Q9NWZ3_A81V
JAK1(JH1domain-catalytic)	P23458(JH1domain-catalytic)	P23458_JH1domain-catalytic
JAK1(JH2domain-pseudokinase)	P23458(JH2domain-pseudokinase)	P23458_JH2domain-pseudokinase
JAK1(Kin.Dom.1)	P23458(JH2domain-pseudokinase)	P23458_JH2domain-pseudokinase
JAK1(Kin.Dom.2)	P23458(JH1domain-catalytic)	P23458_JH1domain-catalytic
JAK1_JH1_catalytic	P23458(JH1domain-catalytic)	P23458_JH1domain-catalytic
JAK1_JH1_JH2	P23458	P23458
JAK1_JH2_pseudokinase	P23458(JH2domain-pseudokinase)	P23458_JH2domain-pseudokinase
JAK2_JH1_catalytic	O60674(JH1domain-catalytic)	O60674_JH1domain-catalytic
JAK2_JH1_JH2	O60674	O60674
JAK2_JH2_pseudokinase	O60674(JH2domain-pseudokinase)	O60674_JH2domain-pseudokinase
JAK2(V617F,JH2domain-pseudokinase)	O60674(V617F,JH2domain-pseudokinase)	O60674_V617F_JH2domain-pseudokinase
JAK2_JH1_JH2(V617F)	O60674(V617F,JH2domain-pseudokinase)	O60674_V617F_JH2domain-pseudokinase
JAK2(JH1domain-catalytic)	O60674(JH1domain-catalytic)	O60674_JH1domain-catalytic
JAK2(JH2domain-pseudokinase)	O60674(JH2domain-pseudokinase)	O60674_JH2domain-pseudokinase
JAK2(Kin.Dom.2)	O60674(JH1domain-catalytic)	O60674_JH1domain-catalytic
JAK3(JH1domain-catalytic)	P52333(Kin.Dom.2-C-terminal)	P52333_Kin.Dom.2-C-terminal
JAK3_JH1_catalytic	P52333(Kin.Dom.2-C-terminal)	P52333_Kin.Dom.2-C-terminal
JAK3_JH1_JH2	P52333	P52333
JAK3(Kin.Dom.2)	P52333(Kin.Dom.2-C-terminal)	P52333_Kin.Dom.2-C-terminal
KIT(A829P)	P10721(A829P)	P10721_A829P
KIT(D816H)	P10721(D816H)	P10721_D816H
KIT(D816V)	P10721(D816V)	P10721_D816V
KIT(L576P)	P10721(L576P)	P10721_L576P
KIT(N822K)	P10721(N822K)	P10721_N822K
KIT(T670I)	P10721(T670I)	P10721_T670I
KIT(V559D)	P10721(V559D)	P10721_V559D
KIT(V559D,T670I)	P10721(V559D,T670I)	P10721_V559D,T670I
KIT(V559D,V654A)	P10721(V559D,V654A)	P10721_V559D,V654A
KIT(V560G)	P10721(V560G)	P10721_V560G
KIT(V654A)	P10721(V654A)	P10721_V654A
LRRK2(A2016T)	Q5S007(A2016T)	Q5S007_A2016T
LRRK2(G2019S,A2016T)	Q5S007(G2019S,A2016T)	Q5S007_G2019S,A2016T
LRRK2(G2019S)	Q5S007(G2019S)	Q5S007_G2019S
LRRK2(I2020T)	Q5S007(I2020T)	Q5S007_I2020T
LRRK2(R1441C)	Q5S007(R1441C)	Q5S007_R1441C
MAP2K6(S207D,T211D)	P52564(S207D,T211D)	P52564_S207D,T211D
MAP2K6(S207E,T211E)	P52564(S207E,T211E)	P52564_S207E,T211E
MAPK14(T106M)	Q16539(T106M)	Q16539_T106M
MAPK8(M108A)	P45983(M108A)	P45983_M108A
MAPK8(M108G)	P45983(M108G)	P45983_M108G
MAPK9(S51N)	P45984(S51N)	P45984_S51N
MAPKAPK2(A399G)	P49137(A399G)	P49137_A399G
MAPKAPK5(R291E)	Q8IW41(R291E)	Q8IW41_R291E
MARK1(V16E,T20S)	Q9P0L2(V16E,T20S)	Q9P0L2_V16E,T20S
MERTK(H628Q,R794A)	Q12866(H628Q,R794A)	Q12866_H628Q,R794A
MET(A1209G,V1290L)	Q75ZY9(A1209G,V1290L)	Q75ZY9_A1209G,V1290L
MET(D1228H)	Q75ZY9(D1228H)	Q75ZY9_D1228H
MET(D1228N)	Q75ZY9(D1228N)	Q75ZY9_D1228N
MET(F1200I)	Q75ZY9(F1200I)	Q75ZY9_F1200I
MET(M1250T)	Q75ZY9(M1250T)	Q75ZY9_M1250T
MET(M250T)	Q75ZY9(M250T)	Q75ZY9_M250T
MET(N1100Y)	Q75ZY9(N1100Y)	Q75ZY9_N1100Y
MET(Y1230A)	Q75ZY9(Y1230A)	Q75ZY9_Y1230A
MET(Y1230C)	Q75ZY9(Y1230C)	Q75ZY9_Y1230C
MET(Y1230D)	Q75ZY9(Y1230D)	Q75ZY9_Y1230D
MET(Y1230H)	Q75ZY9(Y1230H)	Q75ZY9_Y1230H
MET(Y1235D)	Q75ZY9(Y1235D)	Q75ZY9_Y1235D
MKNK1(T385D)	Q9BUB5(T385D)	Q9BUB5_T385D
O90781(D30N)	O90781(D30N)	O90781_D30N
O90781(G48V,L90M)	O90781(G48V,L90M)	O90781_G48V,L90M
O90781(V82A)	O90781(V82A)	O90781_V82A
OXSR1(T185E)	O95747(T185E)	O95747_T185E
P17597(W574L)	P17597(W574L)	P17597_W574L
PAK2(L150F,P225T,V383I)	Q13177(L150F,P225T,V383I)	Q13177_L150F,P225T,V383I
PAK2(T402E)	Q13177(T402E)	Q13177_T402E
PDGFRA(D842V)	P16234(D842V)	P16234_D842V
PDGFRA(T674I)	P16234(T674I)	P16234_T674I
PDGFRA(V561D)	P16234(V561D)	P16234_V561D
PHKG2(F290L)	P15735(F290L)	P15735_F290L
PIK3CA(C420R)	P42336(C420R)	P42336_C420R
PIK3CA(E542K)	P42336(E542K)	P42336_E542K
PIK3CA(E545A)	P42336(E545A)	P42336_E545A
PIK3CA(E545K)	P42336(E545K)	P42336_E545K
PIK3CA(H1047L)	P42336(H1047L)	P42336_H1047L
PIK3CA(H1047R)	P42336(H1047R)	P42336_H1047R
PIK3CA(H1047Y)	P42336(H1047Y)	P42336_H1047Y
PIK3CA(I800L)	P42336(I800L)	P42336_I800L
PIK3CA(M1043I)	P42336(M1043I)	P42336_M1043I
PIK3CA(Q546K)	P42336(Q546K)	P42336_Q546K
PRKCH(V108L,G109R,L392Q)	P24723(V108L,G109R,L392Q)	P24723_V108L,G109R,L392Q
PRKCQ(P330L)	Q04759(P330L)	Q04759_P330L
PRKD1(R135A)	Q15139(R135A)	Q15139_R135A
Q9WJQ2(G190A)	Q9WJQ2(G190A)	Q9WJQ2_G190A
Q9WJQ2(K103N)	Q9WJQ2(K103N)	Q9WJQ2_K103N
Q9WJQ2(K103N,Y181C)	Q9WJQ2(K103N,Y181C)	Q9WJQ2_K103N,Y181C
Q9WJQ2(L100I)	Q9WJQ2(L100I)	Q9WJQ2_L100I
RAF1(Y340D,Y341D)	P04049(Y340D,Y341D)	P04049_Y340D,Y341D
RAF1(Y340D,Y341D,V492E)	P04049(Y340D,Y341D,V492E)	P04049_Y340D,Y341D,V492E
RET(M918T)	P07949(M918T)	P07949_M918T
RET(V804L)	P07949(V804L)	P07949_V804L
RET(V804M)	P07949(V804M)	P07949_V804M
RET(Y791F)	P07949(Y791F)	P07949_Y791F
ROS1(V2262A)	P08922(V2262A)	P08922_V2262A
RPS6KA1_KD1_KD2	Q15418	Q15418
RPS6KA1_KD1	Q15418(Kin.Dom.1-N-terminal)	Q15418_Kin.Dom.1-N-terminal
RPS6KA1_KD2	Q15418(Kin.Dom.2-C-terminal)	Q15418_Kin.Dom.2-C-terminal
RSK1(Kin.Dom.1-N-terminal)	Q15418(Kin.Dom.1-N-terminal)	Q15418_Kin.Dom.1-N-terminal
RSK1(Kin.Dom.2-C-terminal)	Q15418(Kin.Dom.2-C-terminal)	Q15418_Kin.Dom.2-C-terminal
RPS6KA1(Kin.Dom.1)	Q15418(Kin.Dom.1-N-terminal)	Q15418_Kin.Dom.1-N-terminal
RPS6KA1(Kin.Dom.2)	Q15418(Kin.Dom.2-C-terminal)	Q15418_Kin.Dom.2-C-terminal
RPS6KA1(Kin.Dom.2-C-terminal)	Q15418(Kin.Dom.2-C-terminal)	Q15418_Kin.Dom.2-C-terminal
RPS6KA2_KD1_KD2	Q15349	Q15349
RPS6KA2_KD1	Q15349(Kin.Dom.1-N-terminal)	Q15349_Kin.Dom.1-N-terminal
RPS6KA2_KD2	Q15349(Kin.Dom.2-C-terminal)	Q15349_Kin.Dom.2-C-terminal
RPS6KA2(Kin.Dom.1)	Q15349(Kin.Dom.1-N-terminal)	Q15349_Kin.Dom.1-N-terminal
RPS6KA2(Kin.Dom.2)	Q15349(Kin.Dom.2-C-terminal)	Q15349_Kin.Dom.2-C-terminal
RPS6KA2(Kin.Dom.2-C-terminal)	Q15349(Kin.Dom.2-C-terminal)	Q15349_Kin.Dom.2-C-terminal
RSK3(Kin.Dom.1-N-terminal)	Q15349(Kin.Dom.1-N-terminal)	Q15349_Kin.Dom.1-N-terminal
RSK3(Kin.Dom.2-C-terminal)	Q15349(Kin.Dom.2-C-terminal)	Q15349_Kin.Dom.2-C-terminal
RPS6KA3_KD1_KD2	P51812	P51812
RPS6KA3_KD1	P51812(Kin.Dom.1-N-terminal)	P51812_Kin.Dom.1-N-terminal
RPS6KA3_KD2	P51812(Kin.Dom.2-C-terminal)	P51812_Kin.Dom.2-C-terminal
RPS6KA3(Kin.Dom.1)	P51812(Kin.Dom.1-N-terminal)	P51812_Kin.Dom.1-N-terminal
RPS6KA3(Kin.Dom.1-N-terminal)	P51812(Kin.Dom.1-N-terminal)	P51812_Kin.Dom.1-N-terminal
RSK2(Kin.Dom.1-N-terminal)	P51812(Kin.Dom.1-N-terminal)	P51812_Kin.Dom.1-N-terminal
RSK2(Kin.Dom.2-C-terminal)	P51812(Kin.Dom.2-C-terminal)	P51812_Kin.Dom.2-C-terminal
RPS6KA4_KD1_KD2	O75676	O75676
RPS6KA4_KD1	O75676(Kin.Dom.1-N-terminal)	O75676_Kin.Dom.1-N-terminal
RPS6KA4_KD2	O75676(Kin.Dom.2-C-terminal)	O75676_Kin.Dom.2-C-terminal
RPS6KA4(Kin.Dom.1-N-terminal)	O75676(Kin.Dom.1-N-terminal)	O75676_Kin.Dom.1-N-terminal
RPS6KA4(Kin.Dom.2-C-terminal)	O75676(Kin.Dom.2-C-terminal)	O75676_Kin.Dom.2-C-terminal
RPS6KA4(Kin.Dom.1)	O75676(Kin.Dom.1-N-terminal)	O75676_Kin.Dom.1-N-terminal
RPS6KA4(Kin.Dom.2)	O75676(Kin.Dom.2-C-terminal)	O75676_Kin.Dom.2-C-terminal
RPS6KA5_KD1_KD2	O75582	O75582
RPS6KA5_KD1	O75582_Kin.Dom.1-N-terminal	O75582_Kin.Dom.1-N-terminal
RPS6KA5_KD2	O75582_Kin.Dom.2-C-terminal	O75582_Kin.Dom.2-C-terminal
RPS6KA5(Kin.Dom.1-N-terminal)	O75582_Kin.Dom.1-N-terminal	O75582_Kin.Dom.1-N-terminal
RPS6KA5(Kin.Dom.2-C-terminal)	O75582_Kin.Dom.2-C-terminal	O75582_Kin.Dom.2-C-terminal
RPS6KA5(Kin.Dom.1)	O75582_Kin.Dom.1-N-terminal	O75582_Kin.Dom.1-N-terminal
RPS6KA5(Kin.Dom.2)	O75582_Kin.Dom.2-C-terminal	O75582_Kin.Dom.2-C-terminal
RPS6KA6_KD1_KD2	Q9UK32	Q9UK32
RPS6KA6_KD1	Q9UK32(Kin.Dom.1-N-terminal)	Q9UK32_Kin.Dom.1-N-terminal
RPS6KA6_KD2	Q9UK32(Kin.Dom.2-C-terminal)	Q9UK32_Kin.Dom.2-C-terminal
RPS6KA6(Kin.Dom.1)	Q9UK32(Kin.Dom.1-N-terminal)	Q9UK32_Kin.Dom.1-N-terminal
RPS6KA6(Kin.Dom.1-N-terminal)	Q9UK32(Kin.Dom.1-N-terminal)	Q9UK32_Kin.Dom.1-N-terminal
RPS6KA6(Kin.Dom.2)	Q9UK32(Kin.Dom.2-C-terminal)	Q9UK32_Kin.Dom.2-C-terminal
RPS6KA6(Kin.Dom.2-C-terminal)	Q9UK32(Kin.Dom.2-C-terminal)	Q9UK32_Kin.Dom.2-C-terminal
RSK4(Kin.Dom.1-N-terminal)	Q9UK32(Kin.Dom.1-N-terminal)	Q9UK32_Kin.Dom.1-N-terminal
RSK4(Kin.Dom.2-C-terminal)	Q9UK32(Kin.Dom.2-C-terminal)	Q9UK32_Kin.Dom.2-C-terminal
RPS6KB1(T412E)	P23443(T412E)	P23443_T412E
SGK1(S422D)	O00141(S422D)	O00141_S422D
SGK2(S416D)	Q9HBY8(S416D)	Q9HBY8_S416D
SIRT1(F273L)	Q96EB6(F273L)	Q96EB6_F273L
SIRT1(F312L)	Q96EB6(F312L)	Q96EB6_F312L
SIRT1(F414A)	Q96EB6(F414A)	Q96EB6_F414A
SIRT1(I347A)	Q96EB6(I347A)	Q96EB6_I347A
SIRT1(N346A)	Q96EB6(N346A)	Q96EB6_N346A
SRC(T341M)	P12931(T341M)	P12931_T341M
TAOK3(N47S)	Q9H2K8(N47S)	Q9H2K8_N47S
TEC(F514V)	Q92570(F514V)	Q92570_F514V
TEK(Q939H,Q940H)	Q02763(Q939H,Q940H)	Q02763_Q939H,Q940H
TEK(R849W)	Q02763(R849W)	Q02763_R849W
TEK(Y897S)	Q02763(Y897S)	Q02763_Y897S
TGFBR1(T204D)	P36897(T204D)	P36897_T204D
TYK2_JH1_catalytic	P29597(JH1domain-catalytic)	P29597_JH1domain-catalytic
TYK2_JH1_JH2	P29597	P29597
TYK2_JH2_pseudokinase	P29597(JH2domain-pseudokinase)	P29597_JH2domain-pseudokinase
TYK2(JH1domain-catalytic)	P29597(JH1domain-catalytic)	P29597_JH1domain-catalytic
TYK2(JH2domain-pseudokinase)	P29597(JH2domain-pseudokinase)	P29597_JH2domain-pseudokinase
TYK2(Kin.Dom.1)	P29597(JH2domain-pseudokinase)	P29597_JH2domain-pseudokinase
TYK2(Kin.Dom.2)	P29597(JH1domain-catalytic)	P29597_JH1domain-catalytic
ABL1-nonphosphorylated	P00519-nonphosphorylated	P00519
ABL1-phosphorylated	P00519-phosphorylated	P00519
CDK4-cyclinD1	Q0GMK6-P24385	Q0GMK6_P24385
CDK4-cyclinD3	Q0GMK6-P30281	Q0GMK6_P30281
CSF1R-autoinhibited	P07333-autoinhibited	P07333
FLT3-autoinhibited	P36888-autoinhibited	P36888
KIT-autoinhibited	P10721-autoinhibited	P10721
