UniProt	Mutation	Organism
Q9UM07	R374A	PADI4	Homo sapiens
O15530	I119A	PDPK1	Homo sapiens
Q5S006	G2019S	Lrrk2	Mus musculus
P35462	H349A	DRD3	Homo sapiens
P50897	T75P,R151X	PPT1	Homo sapiens
P49356	W102T	FNTB	Homo sapiens
P52732	D130V	KIF11	Homo sapiens
Q14994	H203A	NR1I3	Homo sapiens
Q9UQM7	T286D	CAMK2A	Homo sapiens
Q9UQM7	F89G	CAMK2A	Homo sapiens
Q92843	C29S,A128E	BCL2L2	Homo sapiens
P17597	W574L	ALS	Arabidopsis thaliana
P41231	R194A	P2RY2	Homo sapiens
P41231	C278S	P2RY2	Homo sapiens
Q06187	T474I	BTK	Homo sapiens
Q9EPK8	W586A	Trpv4	Mus musculus
P45974	C335A	USP5	Homo sapiens
P45974	H818A	USP5	Homo sapiens
P07949	C634R	RET	Homo sapiens
P55859	F159W	PNP	Bos taurus
P00803	P84S	lepB	Escherichia coli
P30968	M24I	GNRHR	Homo sapiens
P30968	D302A	GNRHR	Homo sapiens
P32238	R197A	CCKAR	Homo sapiens
P32238	F330A	CCKAR	Homo sapiens
P32238	I352A	CCKAR	Homo sapiens
P04637	Y220C	TP53	Homo sapiens
Q9GZQ6	D294A	NPFFR1	Homo sapiens
P61073	H281A	CXCR4	Homo sapiens
Q5U7L7	W87F	blaVIM-2	Escherichia coli
Q5NGQ3	R96M	fabI	Francisella tularensis subsp. tularensis SCHU S4
P07550	V117C	ADRB2	Homo sapiens
P08913	T373K	ADRA2A	Homo sapiens
P30556	N111G	AGTR1	Homo sapiens
P61073	V280A	CXCR4	Homo sapiens
P61073	G207W	CXCR4	Homo sapiens
P04049	Y340D,Y341D	RAF1	Homo sapiens
P07686	P417L	HEXB	Homo sapiens
P07686	P504S	HEXB	Homo sapiens
Q06486	M82F	Csnk1d	Rattus norvegicus
P18031	C215S	PTPN1	Homo sapiens
P24941	L83V,H84D	CDK2	Homo sapiens
P24941	F82H,L83V,H84D	CDK2	Homo sapiens
P34975	Y66A	Oprk1	Rattus norvegicus
P34975	Q115A	Oprk1	Rattus norvegicus
P34975	Y119F	Oprk1	Rattus norvegicus
P31645	K490T	SLC6A4	Homo sapiens
P31652	S277C	Slc6a4	Rattus norvegicus
P28223	F340L	HTR2A	Homo sapiens
P08183	I190C	ABCB1	Homo sapiens
P08183	G191C	ABCB1	Homo sapiens
P08183	F201C	ABCB1	Homo sapiens
P08183	F204C	ABCB1	Homo sapiens
P08183	I205C	ABCB1	Homo sapiens
P08183	G207C	ABCB1	Homo sapiens
P08183	F208C	ABCB1	Homo sapiens
P08183	I306R,L339C,F728C	ABCB1	Homo sapiens
O14842	L186F	FFAR1	Homo sapiens
P25103	F264Y	TACR1	Homo sapiens
P9WPS1	I66M	atpE	Mycobacterium tuberculosis
Q9Y2R2	L29A	PTPN22	Homo sapiens
Q9Y2R2	S35E,T36E	PTPN22	Homo sapiens
O14965	L215R	AURKA	Homo sapiens
P42330	F311L	AKR1C3	Homo sapiens
Q04828	L306A	AKR1C1	Homo sapiens
P19793	V298S	RXRA	Homo sapiens
P32238	M195A	CCKAR	Homo sapiens
Q8NER1	E649A	TRPV1	Homo sapiens
Q13224	L643A,T103A	GRIN2B	Homo sapiens
P08581	Y1235D	MET	Homo sapiens
P13738	G76C	nhaA	Escherichia coli
Q13002	L439C	GRIK2	Homo sapiens
Q13224	I641A	GRIN2B	Homo sapiens
Q13224	K234A	GRIN2B	Homo sapiens
Q13224	A648C	GRIN2B	Homo sapiens
Q13224	A651T	GRIN2B	Homo sapiens
Q13224	E658A	GRIN2B	Homo sapiens
Q8BLA8	C622S	Trpa1	Mus musculus
P00519	E255V	ABL1	Homo sapiens
P23975	N192D	SLC6A2	Homo sapiens
P36888	D835H	FLT3	Homo sapiens
P23975	H296S	SLC6A2	Homo sapiens
P23975	L543P	SLC6A2	Homo sapiens
P23975	L169T	SLC6A2	Homo sapiens
O89049	U498C	Txnrd1	Rattus norvegicus
P42336	E545A	PIK3CA	Homo sapiens
Q99685	C201A,C208A,C242A	MGLL	Homo sapiens
Q99685	C208A	MGLL	Homo sapiens
P29274	H278A	ADORA2A	Homo sapiens
Q12809	S631A	KCNH2	Homo sapiens
Q05513	L328F	PRKCZ	Homo sapiens
Q12809	S624A	KCNH2	Homo sapiens
Q12809	T623S	KCNH2	Homo sapiens
P30989	P133A	NTSR1	Homo sapiens
P00533	L858R,T790M	EGFR	Homo sapiens
P00533	L861Q	EGFR	Homo sapiens
P30989	F127A	NTSR1	Homo sapiens
P08483	V94C,K548C	Chrm3	Rattus norvegicus
P08483	N95C,T549C	Chrm3	Rattus norvegicus
P06865	G269S	HEXA	Homo sapiens
P51677	E287Q	CCR3	Homo sapiens
P04578	D368A	env	Human immunodeficiency virus type 1 (isolate YU2)
P04578	S375A	env	Human immunodeficiency virus type 1 (isolate YU2)
P31424	W784A	Grm5	Rattus norvegicus
P32245	A219V	MC4R	Homo sapiens
Q9BUB5	T385D	MKNK1	Homo sapiens
P29994	K127E	Itpr1	Rattus norvegicus
Q92847	I178A	GHSR	Homo sapiens
Q92847	F220A	GHSR	Homo sapiens
Q92847	F312A	GHSR	Homo sapiens
P31749	S473D	AKT1	Homo sapiens
Q92847	S123W	GHSR	Homo sapiens
Q92847	F119V	GHSR	Homo sapiens
P14743	D22A	NMT1	Saccharomyces cerevisiae
P14743	D106A,D108A	NMT1	Saccharomyces cerevisiae
Q7Z2W7	K856A	TRPM8	Homo sapiens
Q7Z2W7	L1009R	TRPM8	Homo sapiens
Q15759	T106M	MAPK11	Homo sapiens
P00918	A65S,N67Q	CA2	Homo sapiens
Q01959	R344M	SLC6A3	Homo sapiens
P35367	N460Q	HRH1	Homo sapiens
P25024	K99A	CXCR1	Homo sapiens
P19145	A396C	GAP1	Saccharomyces cerevisiae
P19145	N391C	GAP1	Saccharomyces cerevisiae
P9WG47	A90V	gyrA	Mycobacterium tuberculosis
P49768	P117L	PSEN1	Homo sapiens
P20309	R133A	CHRM3	Homo sapiens
P20309	Q224A	CHRM3	Homo sapiens
P08483	K93C,F550C	Chrm3	Rattus norvegicus
P30968	F309Q	GNRHR	Homo sapiens
P30968	Y290L	GNRHR	Homo sapiens
Q9UM07	Q346E	PADI4	Homo sapiens
Q9UM07	R374K	PADI4	Homo sapiens
Q14994	N165A	NR1I3	Homo sapiens
O60218	V301L	AKR1B10	Homo sapiens
O60218	K125L	AKR1B10	Homo sapiens
O60218	K125L,V301L	AKR1B10	Homo sapiens
P29371	Y315F	TACR3	Homo sapiens
Q00987	K98W	MDM2	Homo sapiens
P53609	F52Y,F53Y,Y126T	PGGT1B	Homo sapiens
Q06187	E41K	BTK	Homo sapiens
Q13526	S16A,Y23A	PIN1	Homo sapiens
P08684	S119A	CYP3A4	Homo sapiens
P29476	L337H	Nos1	Rattus norvegicus
P04637	R273H	TP53	Homo sapiens
P61073	N176A	CXCR4	Homo sapiens
P61073	E275A	CXCR4	Homo sapiens
Q9UM73	R1275Q	ALK	Homo sapiens
Q5NGQ3	F93V	fabI	Francisella tularensis subsp. tularensis SCHU S4
P07550	T164I	ADRB2	Homo sapiens
P07550	N293A	ADRB2	Homo sapiens
P07550	N293F	ADRB2	Homo sapiens
P07550	N293L	ADRB2	Homo sapiens
P07550	N293Q	ADRB2	Homo sapiens
P56221	V75M	SDH1	Magnaporthe oryzae
P61073	S263A	CXCR4	Homo sapiens
P61073	D171N	CXCR4	Homo sapiens
P24941	F82H	CDK2	Homo sapiens
P42574	D180A	CASP3	Homo sapiens
P49674	F55I	CSNK1E	Homo sapiens
Q16719	S332G,N333T	KYNU	Homo sapiens
P34975	Y66F	Oprk1	Rattus norvegicus
P34975	Y139F	Oprk1	Rattus norvegicus
P34975	Y313F	Oprk1	Rattus norvegicus
P08183	T199R,L339C,F728C	ABCB1	Homo sapiens
O14842	H86F	FFAR1	Homo sapiens
P9WPS1	A63P	atpE	Mycobacterium tuberculosis
Q9Y2R2	S35E	PTPN22	Homo sapiens
P04150	Q570A	NR3C1	Homo sapiens
Q04828	F311A	AKR1C1	Homo sapiens
Q04828	L54V	AKR1C1	Homo sapiens
P19793	A272W	RXRA	Homo sapiens
P08581	M1250T	MET	Homo sapiens
P08581	Y1235H	MET	Homo sapiens
P56068	E151K	murI	Helicobacter pylori
Q13224	N649A	GRIN2B	Homo sapiens
Q13224	L643A	GRIN2B	Homo sapiens
Q13224	T647T	GRIN2B	Homo sapiens
Q13224	S546A	GRIN2B	Homo sapiens
Q13224	F176A	GRIN2B	Homo sapiens
Q13224	L643A,K234A	GRIN2B	Homo sapiens
Q13224	L643C,T647A	GRIN2B	Homo sapiens
P21554	W279A	CNR1	Homo sapiens
Q8BLA8	C422S	Trpa1	Mus musculus
P23975	H228D	SLC6A2	Homo sapiens
P23975	A384P	SLC6A2	Homo sapiens
P00519	F317V	ABL1	Homo sapiens
P08172	Y104A	CHRM2	Homo sapiens
P08172	W422A	CHRM2	Homo sapiens
P36888	K663Q	FLT3	Homo sapiens
P23975	D378A	SLC6A2	Homo sapiens
P23975	W556A	SLC6A2	Homo sapiens
P23975	Q234R	SLC6A2	Homo sapiens
Q9BH77	A217V	FabI	Plasmodium falciparum
P42336	C420R	PIK3CA	Homo sapiens
P42336	M1043I	PIK3CA	Homo sapiens
Q9H3N8	V102A	HRH4	Homo sapiens
Q9H3N8	E182Q	HRH4	Homo sapiens
P16278	Y83H	GLB1	Homo sapiens
P16278	R201C	GLB1	Homo sapiens
P16278	I51T	GLB1	Homo sapiens
Q02750	S218D,S222D	MAP2K1	Homo sapiens
Q02750	S218E,S222E	MAP2K1	Homo sapiens
Q12809	L550A	KCNH2	Homo sapiens
Q12809	S620T,L666A	KCNH2	Homo sapiens
Q12809	V549A	KCNH2	Homo sapiens
Q12809	Y652F	KCNH2	Homo sapiens
P30989	F136A	NTSR1	Homo sapiens
P30989	I329G	NTSR1	Homo sapiens
P30989	Y328A,I329A,S330A	NTSR1	Homo sapiens
P00533	L858R	EGFR	Homo sapiens
P00533	T790M	EGFR	Homo sapiens
P00533	T790M,L858M	EGFR	Homo sapiens
P10721	V559D	KIT	Homo sapiens
P10721	V559D,V654A	KIT	Homo sapiens
P08483	V94C,F550C	Chrm3	Rattus norvegicus
P08483	V94C,R551C	Chrm3	Rattus norvegicus
P08483	N95C,K548C	Chrm3	Rattus norvegicus
P08483	A91C,T549C	Chrm3	Rattus norvegicus
P03372	E353A	ESR1	Homo sapiens
P23443	T412E	RPS6KB1	Homo sapiens
Q53685	S132F	oleD	Streptomyces antibioticus
P31424	P654F	Grm5	Rattus norvegicus
P29994	R36E	Itpr1	Rattus norvegicus
Q9R1C8	F287A	Htr6	Mus musculus
Q92847	S174A	GHSR	Homo sapiens
Q92847	M213A	GHSR	Homo sapiens
O95342	E297G	ABCB11	Homo sapiens
Q92847	F119H	GHSR	Homo sapiens
Q92847	F119Y	GHSR	Homo sapiens
Q16595	K147R	FXN	Homo sapiens
P14743	D23A	NMT1	Saccharomyces cerevisiae
P14743	D23K	NMT1	Saccharomyces cerevisiae
P14743	D22K	NMT1	Saccharomyces cerevisiae
Q7Z2W7	K856R	TRPM8	Homo sapiens
Q01959	A480T	SLC6A3	Homo sapiens
Q01959	P387A	SLC6A3	Homo sapiens
P19145	C397C	GAP1	Saccharomyces cerevisiae
P19145	I384C	GAP1	Saccharomyces cerevisiae
P19145	I394C	GAP1	Saccharomyces cerevisiae
P19145	V402C	GAP1	Saccharomyces cerevisiae
P52564	S207E,T211E	MAP2K6	Homo sapiens
Q07817	E96A	BCL2L1	Homo sapiens
Q07817	Y101H	BCL2L1	Homo sapiens
Q07817	L130A	BCL2L1	Homo sapiens
Q07817	V141A	BCL2L1	Homo sapiens
Q07973	L148F	CYP24A1	Homo sapiens
P49768	L166P	PSEN1	Homo sapiens
P08483	F92C,F550C	Chrm3	Rattus norvegicus
P30968	F309L	GNRHR	Homo sapiens
P30968	H306E	GNRHR	Homo sapiens
Q9UL62	C553S	TRPC5	Homo sapiens
Q13547	S113A	HDAC1	Homo sapiens
O15530	Y288G,Q292A	PDPK1	Homo sapiens
P35462	S196A	DRD3	Homo sapiens
P35462	D110E	DRD3	Homo sapiens
O60218	F123A	AKR1B10	Homo sapiens
O60218	W220Y	AKR1B10	Homo sapiens
Q00987	C464A	MDM2	Homo sapiens
P15056	V600E	BRAF	Homo sapiens
P35228	Q263A	NOS2	Homo sapiens
P30419	Y296A	NMT1	Homo sapiens
P20831	S84L	gyrA	Staphylococcus aureus
Q9P2K8	S808G	EIF2AK4	Homo sapiens
P32238	N333A	CCKAR	Homo sapiens
P11473	S235A	VDR	Homo sapiens
P13053	R270L	Vdr	Rattus norvegicus
Q9GZQ6	F311A	NPFFR1	Homo sapiens
P61073	V112A	CXCR4	Homo sapiens
P61073	L120F	CXCR4	Homo sapiens
P61073	D181A	CXCR4	Homo sapiens
P61073	Y255A	CXCR4	Homo sapiens
P61073	D262A	CXCR4	Homo sapiens
Q5U7L7	W87A	blaVIM-2	Escherichia coli
Q9UM73	F1174L	ALK	Homo sapiens
P22607	K650E	FGFR3	Homo sapiens
P06241	T342G	FYN	Homo sapiens
P06241	T342G,S349C	FYN	Homo sapiens
Q62120	V617F	Jak2	Mus musculus
P00523	T338G	SRC	Gallus gallus
Q923Y9	M268T	Taar1	Rattus norvegicus
P61073	W283A	CXCR4	Homo sapiens
P07686	R505Q	HEXB	Homo sapiens
P07686	C137Y	HEXB	Homo sapiens
P00491	H257G	PNP	Homo sapiens
Q16719	H102W,S332G,N333T	KYNU	Homo sapiens
P34975	K227A	Oprk1	Rattus norvegicus
P34975	Y320F	Oprk1	Rattus norvegicus
P31645	G498C	SLC6A4	Homo sapiens
P50295	R127G	Nat2	Mus musculus
P16455	P140K	MGMT	Homo sapiens
P16455	S159A	MGMT	Homo sapiens
P08183	F194C	ABCB1	Homo sapiens
P08183	Q195C	ABCB1	Homo sapiens
P08183	F200C	ABCB1	Homo sapiens
P08183	T209C	ABCB1	Homo sapiens
Q9Y2R2	T36E	PTPN22	Homo sapiens
Q02763	R849W	TEK	Homo sapiens
P19793	F313A	RXRA	Homo sapiens
P08581	N1100Y	MET	Homo sapiens
P08581	D1228H	MET	Homo sapiens
P56068	A75T	murI	Helicobacter pylori
Q8NER1	C578A	TRPV1	Homo sapiens
Q13224	A652T	GRIN2B	Homo sapiens
Q13224	L643A,T647A	GRIN2B	Homo sapiens
Q13224	F653A	GRIN2B	Homo sapiens
P21554	F170L	CNR1	Homo sapiens
P00520	G250E	Abl1	Mus musculus
P00520	A337N	Abl1	Mus musculus
P42345	I2021T	MTOR	Homo sapiens
P23975	E122A	SLC6A2	Homo sapiens
P00519	F359V	ABL1	Homo sapiens
Q08881	F435T	ITK	Homo sapiens
P08172	Y177Q	CHRM2	Homo sapiens
P08172	Y177Q,T423H	CHRM2	Homo sapiens
Q9Y5X5	Y321A	NPFFR2	Homo sapiens
Q9Y5X5	Y415A	NPFFR2	Homo sapiens
P02980	D190C	tetA	Escherichia coli
P23975	D547A	SLC6A2	Homo sapiens
P23975	L232P	SLC6A2	Homo sapiens
P41597	E291A	CCR2	Homo sapiens
P42336	H1047R	PIK3CA	Homo sapiens
P42336	D810A	PIK3CA	Homo sapiens
P42336	M772A	PIK3CA	Homo sapiens
P42336	H1047L	PIK3CA	Homo sapiens
P22736	Y453A	NR4A1	Homo sapiens
P29274	N253A	ADORA2A	Homo sapiens
P29274	Y271A	ADORA2A	Homo sapiens
Q12809	F557L	KCNH2	Homo sapiens
Q12809	L666A	KCNH2	Homo sapiens
P13569	G551D	CFTR	Homo sapiens
P51955	T175A	NEK2	Homo sapiens
P51955	C22V	NEK2	Homo sapiens
Q12809	F656A	KCNH2	Homo sapiens
P00533	G719S	EGFR	Homo sapiens
P10721	D816H	KIT	Homo sapiens
P10721	D816V	KIT	Homo sapiens
P10721	V559D,T670I	KIT	Homo sapiens
P10721	V560G	KIT	Homo sapiens
P10721	V654A	KIT	Homo sapiens
P08483	N95C,F550C	Chrm3	Rattus norvegicus
P08483	A91C,K548C	Chrm3	Rattus norvegicus
P10599	W31A	TXN	Homo sapiens
P31424	S808A	Grm5	Rattus norvegicus
P29994	K52E	Itpr1	Rattus norvegicus
Q02156	M486A	PRKCE	Homo sapiens
P31749	M227G,R25C	AKT1	Homo sapiens
Q92847	F119S	GHSR	Homo sapiens
Q92847	D99K	GHSR	Homo sapiens
P11362	V561M	FGFR1	Homo sapiens
Q92945	C436A	KHSRP	Homo sapiens
P14743	D106K	NMT1	Saccharomyces cerevisiae
Q7Z2W7	R842A	TRPM8	Homo sapiens
Q7Z2W7	R851Q	TRPM8	Homo sapiens
O75874	R132C	IDH1	Homo sapiens
Q20MD5	V27A	M2	Influenza A virus (A/udorn/1972(H3N2))
P19145	A385C	GAP1	Saccharomyces cerevisiae
P19145	I382C	GAP1	Saccharomyces cerevisiae
Q07817	Y195F	BCL2L1	Homo sapiens
Q07817	A142T	BCL2L1	Homo sapiens
P35439	H134A	Grin1	Rattus norvegicus
P07753	L275F	psbA	Chlamydomonas reinhardtii
O35627	F171A	Nr1i3	Mus musculus
O35627	N175A	Nr1i3	Mus musculus
O35627	H213A	Nr1i3	Mus musculus
O35627	S251L	Nr1i3	Mus musculus
P9WG47	D94G	gyrA	Mycobacterium tuberculosis
P49768	M292D,M146L	PSEN1	Homo sapiens
P49768	G384A	PSEN1	Homo sapiens
P49768	M292D	PSEN1	Homo sapiens
P9WGR1	S94A	inhA	Mycobacterium tuberculosis
P20309	E220A	CHRM3	Homo sapiens
P20309	D518A	CHRM3	Homo sapiens
P20309	N508A	CHRM3	Homo sapiens
P30968	H306A	GNRHR	Homo sapiens
P30968	Y284L	GNRHR	Homo sapiens
O15530	V127T	PDPK1	Homo sapiens
O15530	T226W	PDPK1	Homo sapiens
P35462	V87F,F106L,V107M	DRD3	Homo sapiens
P52732	I299F	KIF11	Homo sapiens
Q14994	F161A	NR1I3	Homo sapiens
P41231	R180A	P2RY2	Homo sapiens
P41231	S296A	P2RY2	Homo sapiens
P35228	F286I,V305L	NOS2	Homo sapiens
Q96EB6	I347A	SIRT1	Homo sapiens
Q96EB6	Q345A	SIRT1	Homo sapiens
Q09472	R1627K	EP300	Homo sapiens
P07949	V804M	RET	Homo sapiens
P30968	N27A	GNRHR	Homo sapiens
P11473	D149A	VDR	Homo sapiens
P11473	H305A	VDR	Homo sapiens
O75582	M498T	RPS6KA5	Homo sapiens
P04637	R337H	TP53	Homo sapiens
Q9GZQ6	Y309A	NPFFR1	Homo sapiens
P61073	D171A	CXCR4	Homo sapiens
P61073	F172A	CXCR4	Homo sapiens
P61073	H203A	CXCR4	Homo sapiens
P61073	G207F	CXCR4	Homo sapiens
P22607	S249C	FGFR3	Homo sapiens
P22607	G697C	FGFR3	Homo sapiens
Q5NGQ3	R96G	fabI	Francisella tularensis subsp. tularensis SCHU S4
Q5NGQ3	F203L	fabI	Francisella tularensis subsp. tularensis SCHU S4
O60674	V617F	JAK2	Homo sapiens
P00523	T338M	SRC	Gallus gallus
P16234	T674I	PDGFRA	Homo sapiens
P16234	V561D	PDGFRA	Homo sapiens
P10253	G549R	GAA	Homo sapiens
P61073	T287A	CXCR4	Homo sapiens
P61073	Q200W	CXCR4	Homo sapiens
P49674	K69R	CSNK1E	Homo sapiens
P61073	I284A	CXCR4	Homo sapiens
P48730	T67S	CSNK1D	Homo sapiens
P24941	F82H,L83V,H84D,K89T	CDK2	Homo sapiens
P42574	D179A	CASP3	Homo sapiens
P34975	Y312F	Oprk1	Rattus norvegicus
P34975	Y320A	Oprk1	Rattus norvegicus
P31645	C109A	SLC6A4	Homo sapiens
P50295	R127L	Nat2	Mus musculus
P08183	V206C	ABCB1	Homo sapiens
O14842	H137F	FFAR1	Homo sapiens
Q00613	S326A	HSF1	Homo sapiens
Q00613	S326E	HSF1	Homo sapiens
Q9Y2R2	C129S	PTPN22	Homo sapiens
O14965	R220K	AURKA	Homo sapiens
P42330	S129I	AKR1C3	Homo sapiens
Q04828	L308A	AKR1C1	Homo sapiens
Q04828	L308V	AKR1C1	Homo sapiens
P08581	Y1230H	MET	Homo sapiens
P08581	H1094R	MET	Homo sapiens
Q8NER1	E600V	TRPV1	Homo sapiens
Q13224	F554A	GRIN2B	Homo sapiens
Q13224	N542A	GRIN2B	Homo sapiens
Q13224	E106A	GRIN2B	Homo sapiens
Q13224	L650A	GRIN2B	Homo sapiens
P21554	K192L	CNR1	Homo sapiens
P0A031	I228R	ftsZ	Staphylococcus aureus
P00520	E505K	Abl1	Mus musculus
Q13224	S555A	GRIN2B	Homo sapiens
Q13224	T544A	GRIN2B	Homo sapiens
Q13224	V558A	GRIN2B	Homo sapiens
Q13224	W559A	GRIN2B	Homo sapiens
Q13224	I655A	GRIN2B	Homo sapiens
P00519	T315N	ABL1	Homo sapiens
Q9Y5X5	D400A	NPFFR2	Homo sapiens
Q9Y5X5	Y417A	NPFFR2	Homo sapiens
Q8N5Z0	K240S,F241G	AADAT	Homo sapiens
P36888	N841I	FLT3	Homo sapiens
P23975	L469F	SLC6A2	Homo sapiens
P23975	H178N	SLC6A2	Homo sapiens
P23975	G177N	SLC6A2	Homo sapiens
P42336	I800L	PIK3CA	Homo sapiens
Q9H3N8	T178A	HRH4	Homo sapiens
Q9H3N8	N147Y	HRH4	Homo sapiens
Q99685	C208A,C242A	MGLL	Homo sapiens
Q12809	G628C,N588K	KCNH2	Homo sapiens
Q12809	I662A	KCNH2	Homo sapiens
Q12809	S631A,L666A	KCNH2	Homo sapiens
P19490	Y716F	Gria1	Rattus norvegicus
P42336	Q546K	PIK3CA	Homo sapiens
P00533	L861R,T790M	EGFR	Homo sapiens
Q9Y468	D355N	L3MBTL1	Homo sapiens
P08483	K93C,T549C	Chrm3	Rattus norvegicus
P08483	V94C,T549C	Chrm3	Rattus norvegicus
Q8TDU6	Y89F	GPBAR1	Homo sapiens
Q8TDU6	S270A	GPBAR1	Homo sapiens
P04578	S375W	env	Human immunodeficiency virus 1
Q53685	A242V	oleD	Streptomyces antibioticus
P51677	Y41A	CCR3	Homo sapiens
P51677	Y113A	CCR3	Homo sapiens
O00141	S422D	SGK1	Homo sapiens
Q07869	T279A	PPARA	Homo sapiens
P14920	Y224A	DAO	Homo sapiens
P32245	C271R	MC4R	Homo sapiens
Q9R1C8	C110A	Htr6	Mus musculus
P21802	N549H	FGFR2	Homo sapiens
P29994	D34K	Itpr1	Rattus norvegicus
Q92847	R283Q	GHSR	Homo sapiens
Q92847	E124Q	GHSR	Homo sapiens
P0AES4	A67S	gyrA	Escherichia coli
P0AFI2	S80L	parC	Escherichia coli
P31749	C296A,C310A	AKT1	Homo sapiens
Q92945	K564R	KHSRP	Homo sapiens
P14743	D22A,D23A	NMT1	Saccharomyces cerevisiae
P14743	T24D	NMT1	Saccharomyces cerevisiae
P14743	D108K	NMT1	Saccharomyces cerevisiae
Q27552	D201A	DHFR-TS	Cryptosporidium hominis
P11086	K57A	PNMT	Homo sapiens
Q01959	M272L,I291M,R344M	SLC6A3	Homo sapiens
Q01959	M272L,R344M	SLC6A3	Homo sapiens
P19145	A405C	GAP1	Saccharomyces cerevisiae
P19145	V381C	GAP1	Saccharomyces cerevisiae
P52564	S207D,T211D	MAP2K6	Homo sapiens
Q07817	A142G	BCL2L1	Homo sapiens
P07753	F255Y	psbA	Chlamydomonas reinhardtii
P07753	A251V	psbA	Chlamydomonas reinhardtii
O35627	T350A	Nr1i3	Mus musculus
P49768	S290C	PSEN1	Homo sapiens
P20309	K213A	CHRM3	Homo sapiens
P20309	F225A	CHRM3	Homo sapiens
P30968	F272L	GNRHR	Homo sapiens
P30968	L300A	GNRHR	Homo sapiens
Q9UL62	C558S	TRPC5	Homo sapiens
Q5S007	A2016T	LRRK2	Homo sapiens
P35462	F345W	DRD3	Homo sapiens
P49356	Y154T	FNTB	Homo sapiens
Q14994	I164A	NR1I3	Homo sapiens
P29371	Y247F	TACR3	Homo sapiens
P42338	D862Q	PIK3CB	Homo sapiens
Q00987	T101W	MDM2	Homo sapiens
Q04206	C120S	RELA	Homo sapiens
P41231	Y114A	P2RY2	Homo sapiens
P35228	E377A	NOS2	Homo sapiens
Q96EB6	F273L	SIRT1	Homo sapiens
Q96EB6	F414A	SIRT1	Homo sapiens
Q9NTG7	L195F	SIRT3	Homo sapiens
P11473	Q239A	VDR	Homo sapiens
P11473	K240A	VDR	Homo sapiens
P61073	V99A	CXCR4	Homo sapiens
P61073	E277A	CXCR4	Homo sapiens
P61073	I259A	CXCR4	Homo sapiens
P31652	T284C	Slc6a4	Rattus norvegicus
P31652	V281C	Slc6a4	Rattus norvegicus
Q07820	R263A	MCL1	Homo sapiens
Q9UM73	C1156Y	ALK	Homo sapiens
Q9UM73	G1269A	ALK	Homo sapiens
Q9UM73	L1196M	ALK	Homo sapiens
P12931	T341M	SRC	Homo sapiens
P00523	S345C,T338M	SRC	Gallus gallus
P10253	S529V,S619R	GAA	Homo sapiens
Q923Y8	T268M	Taar1	Mus musculus
P0A725	Q202W,G210S	lpxC	Escherichia coli
Q16832	T654M	DDR2	Homo sapiens
P07686	T150P,P417L	HEXB	Homo sapiens
P49674	S67T	CSNK1E	Homo sapiens
P48730	I55F	CSNK1D	Homo sapiens
P24941	K89T	CDK2	Homo sapiens
P24941	F80G	CDK2	Homo sapiens
O80452	V211M	AMPD	Arabidopsis
Q16719	H102W,N333T	KYNU	Homo sapiens
P34975	Y119A	Oprk1	Rattus norvegicus
P34975	D138A	Oprk1	Rattus norvegicus
P34975	Y313A	Oprk1	Rattus norvegicus
P31645	T497A	SLC6A4	Homo sapiens
P08183	C137A,C431A,C717A,C956A,C1074A,C1125A,C1227A	ABCB1	Homo sapiens
P08183	F193C	ABCB1	Homo sapiens
P08183	S196C	ABCB1	Homo sapiens
P08183	T199C	ABCB1	Homo sapiens
P08183	F343R,L339C,F728C	ABCB1	Homo sapiens
Q9Y2R2	R33A	PTPN22	Homo sapiens
P42330	S118F	AKR1C3	Homo sapiens
P42330	F306L	AKR1C3	Homo sapiens
P32238	F107A	CCKAR	Homo sapiens
Q13224	S645A,T103A	GRIN2B	Homo sapiens
Q81R22	Y102F	dfrA	Bacillus anthracis
P13738	W62C	nhaA	Escherichia coli
P13738	F71C	nhaA	Escherichia coli
P13738	H225Q	nhaA	Escherichia coli
P13738	H225R	nhaA	Escherichia coli
Q13224	Y646A	GRIN2B	Homo sapiens
Q13224	A644C	GRIN2B	Homo sapiens
Q13224	S645A	GRIN2B	Homo sapiens
Q13224	V640A	GRIN2B	Homo sapiens
Q13224	F550A	GRIN2B	Homo sapiens
Q13224	T233A	GRIN2B	Homo sapiens
Q13224	S645A,K234A	GRIN2B	Homo sapiens
Q13224	N615A	GRIN2B	Homo sapiens
Q13224	N616A	GRIN2B	Homo sapiens
P00520	T315I	Abl1	Mus musculus
P00519	G250E	ABL1	Homo sapiens
P00519	Q252H	ABL1	Homo sapiens
Q13224	S645A,I641A	GRIN2B	Homo sapiens
Q13224	M654A	GRIN2B	Homo sapiens
P00519	F317I	ABL1	Homo sapiens
P00519	T315I	ABL1	Homo sapiens
P00519	E255K	ABL1	Homo sapiens
P11229	Y381A	CHRM1	Homo sapiens
P36888	D835Y	FLT3	Homo sapiens
P23975	D473A	SLC6A2	Homo sapiens
P23975	E382A	SLC6A2	Homo sapiens
P23975	E393A	SLC6A2	Homo sapiens
P23975	E223Q	SLC6A2	Homo sapiens
P23975	G193S	SLC6A2	Homo sapiens
P40313	R188I	CTRL	Homo sapiens
P00720	L99A,M102H	E	Enterobacteria phage T4
Q9H3N8	L175V	HRH4	Homo sapiens
Q99685	C201A	MGLL	Homo sapiens
P16278	R201H	GLB1	Homo sapiens
P29274	M177A	ADORA2A	Homo sapiens
Q12809	Y652A	KCNH2	Homo sapiens
Q12809	G628C,S631C	KCNH2	Homo sapiens
Q13546	S161E	RIPK1	Homo sapiens
Q13546	K45M	RIPK1	Homo sapiens
Q05513	V297L	PRKCZ	Homo sapiens
Q12809	S624T	KCNH2	Homo sapiens
P30989	W129A	NTSR1	Homo sapiens
P10721	K642E	KIT	Homo sapiens
P10721	T670I	KIT	Homo sapiens
P03372	D351G	ESR1	Homo sapiens
Q9Y468	D355A	L3MBTL1	Homo sapiens
P23443	D18H,T412E	RPS6KB1	Homo sapiens
Q06124	E76K	PTPN11	Homo sapiens
P35235	D61G	Ptpn11	Mus musculus
Q53685	P67T,S132F,A242V	oleD	Streptomyces antibioticus
Q07869	A454M	PPARA	Homo sapiens
P31424	A809V	Grm5	Rattus norvegicus
P53350	T210D	PLK1	Homo sapiens
P32245	D122A	MC4R	Homo sapiens
P32245	I102S	MC4R	Homo sapiens
Q92847	S123D	GHSR	Homo sapiens
Q92847	V216A	GHSR	Homo sapiens
P31749	M227G,D292A	AKT1	Homo sapiens
P31749	C310A	AKT1	Homo sapiens
Q92847	S123Y	GHSR	Homo sapiens
Q92847	D99N	GHSR	Homo sapiens
Q92945	K473R	KHSRP	Homo sapiens
Q92945	K620R	KHSRP	Homo sapiens
P14743	D108A	NMT1	Saccharomyces cerevisiae
P14743	D106K,D108K	NMT1	Saccharomyces cerevisiae
P00918	Q92V	CA2	Homo sapiens
Q01959	I390V	SLC6A3	Homo sapiens
P35367	N460L	HRH1	Homo sapiens
P35367	S111T	HRH1	Homo sapiens
P19145	M401C	GAP1	Saccharomyces cerevisiae
Q07817	Y101A	BCL2L1	Homo sapiens
Q07817	E129H	BCL2L1	Homo sapiens
Q99814	S304M	EPAS1	Homo sapiens
O35627	I252L	Nr1i3	Mus musculus
P01116	G12D	KRAS	Homo sapiens
P08483	K93C,R551C	Chrm3	Rattus norvegicus
P30968	F313L	GNRHR	Homo sapiens
Q9UM07	Q346A	PADI4	Homo sapiens
O15530	L155S	PDPK1	Homo sapiens
Q5S007	G2019S,A2016T	LRRK2	Homo sapiens
P35462	V87F	DRD3	Homo sapiens
P49356	W102T,Y365F	FNTB	Homo sapiens
P52732	D130V,A133D	KIF11	Homo sapiens
Q00987	L33E	MDM2	Homo sapiens
Q99835	D473H	SMO	Homo sapiens
P41231	R177A	P2RY2	Homo sapiens
P41231	Y198A	P2RY2	Homo sapiens
P41231	R272A	P2RY2	Homo sapiens
Q06187	R28H	BTK	Homo sapiens
P35228	Q263N	NOS2	Homo sapiens
Q96EB6	N346A	SIRT1	Homo sapiens
Q9EPK8	S557A	Trpv4	Mus musculus
P41180	E837A	CASR	Homo sapiens
O94760	C275A	DDAH1	Homo sapiens
P07949	M918T	RET	Homo sapiens
P07949	V804L	RET	Homo sapiens
P07949	Y791F	RET	Homo sapiens
P30968	D302N	GNRHR	Homo sapiens
P13053	W282R	Vdr	Rattus norvegicus
Q9GZQ6	E205A	NPFFR1	Homo sapiens
Q9GZQ6	Y216A	NPFFR1	Homo sapiens
P61073	D182A	CXCR4	Homo sapiens
P61073	D262N	CXCR4	Homo sapiens
P06241	S349C	FYN	Homo sapiens
P07550	Y308A	ADRB2	Homo sapiens
P07550	D192G,F193V	ADRB2	Homo sapiens
P12931	S345C	SRC	Homo sapiens
Q923Y8	D102A	Taar1	Mus musculus
P61073	Y256A	CXCR4	Homo sapiens
P61073	E288A,L290A	CXCR4	Homo sapiens
Q16719	N333T	KYNU	Homo sapiens
P34975	I62A	Oprk1	Rattus norvegicus
P34975	E297A	Oprk1	Rattus norvegicus
P31652	G273C	Slc6a4	Rattus norvegicus
P08183	M192C	ABCB1	Homo sapiens
P08183	T202C	ABCB1	Homo sapiens
P08183	A198C	ABCB1	Homo sapiens
P14416	E181V,I183S	DRD2	Homo sapiens
Q9Y2R2	F28A	PTPN22	Homo sapiens
Q9Y2R2	K138A	PTPN22	Homo sapiens
O14965	T217E	AURKA	Homo sapiens
O14965	T288D	AURKA	Homo sapiens
P04150	R611A	NR3C1	Homo sapiens
P42330	W227Y	AKR1C3	Homo sapiens
Q04828	H222S	AKR1C1	Homo sapiens
P33535	W318A	Oprm1	Rattus norvegicus
P19793	C432W	RXRA	Homo sapiens
P51813	C496S	BMX	Homo sapiens
Q8NER1	F660A	TRPV1	Homo sapiens
Q13224	T103A,K234A	GRIN2B	Homo sapiens
Q13224	T103A	GRIN2B	Homo sapiens
P13738	F72C	nhaA	Escherichia coli
Q13224	F642A	GRIN2B	Homo sapiens
Q13224	E552A	GRIN2B	Homo sapiens
Q13224	S548A	GRIN2B	Homo sapiens
Q13224	E236A	GRIN2B	Homo sapiens
P0A031	G196A	ftsZ	Staphylococcus aureus
Q13224	E657A	GRIN2B	Homo sapiens
Q13224	Q656A	GRIN2B	Homo sapiens
Q01097	D101A	Grin2b	Mus musculus
Q00960	E201R	Grin2b	Rattus norvegicus
Q8BLA8	C415S	Trpa1	Mus musculus
P00519	H396P	ABL1	Homo sapiens
P00519	M351T	ABL1	Homo sapiens
P42345	K2095P,T2098L,W2101F	MTOR	Homo sapiens
P42345	W2101F	MTOR	Homo sapiens
P23975	K189H	SLC6A2	Homo sapiens
P00519	Y253F	ABL1	Homo sapiens
P00519	Y253H	ABL1	Homo sapiens
P00519	T315A	ABL1	Homo sapiens
P23975	D546G	SLC6A2	Homo sapiens
P23975	E304A	SLC6A2	Homo sapiens
P23975	K463N	SLC6A2	Homo sapiens
P23975	T474H	SLC6A2	Homo sapiens
P23975	F207T	SLC6A2	Homo sapiens
P41597	T292A	CCR2	Homo sapiens
P00720	L99A,M102Q	E	Enterobacteria phage T4
P51812	C436V	RPS6KA3	Homo sapiens
P51812	T493M	RPS6KA3	Homo sapiens
P42336	Y836A	PIK3CA	Homo sapiens
P16278	W273L	GLB1	Homo sapiens
P29274	L85A	ADORA2A	Homo sapiens
P29274	S277A	ADORA2A	Homo sapiens
Q12809	L553A	KCNH2	Homo sapiens
Q12809	Y667A	KCNH2	Homo sapiens
Q12809	F656W	KCNH2	Homo sapiens
P10721	L576P	KIT	Homo sapiens
Q8TDU6	N93A	GPBAR1	Homo sapiens
P49881	V454I,Y474E	EcR	Bombyx mori
Q53685	P67T	oleD	Streptomyces antibioticus
P14920	Y224F	DAO	Homo sapiens
P14735	E341A	IDE	Homo sapiens
P29994	V33K	Itpr1	Rattus norvegicus
Q92847	S123A	GHSR	Homo sapiens
Q92847	N305A	GHSR	Homo sapiens
Q92847	F279A	GHSR	Homo sapiens
P0AES4	G81C	gyrA	Escherichia coli
P31749	M227G	AKT1	Homo sapiens
Q92847	S123V	GHSR	Homo sapiens
Q92945	C500A	KHSRP	Homo sapiens
P14743	D106A	NMT1	Saccharomyces cerevisiae
Q7Z2W7	R842K	TRPM8	Homo sapiens
O75874	R132H	IDH1	Homo sapiens
Q20MD5	S31N	M2	Influenza A virus (A/udorn/1972(H3N2))
P35367	S111C	HRH1	Homo sapiens
P35367	N460C	HRH1	Homo sapiens
P19145	A403C	GAP1	Saccharomyces cerevisiae
P19145	L387C	GAP1	Saccharomyces cerevisiae
P19145	S388C	GAP1	Saccharomyces cerevisiae
P19145	S398C	GAP1	Saccharomyces cerevisiae
Q07817	R100E	BCL2L1	Homo sapiens
Q07817	Y195A	BCL2L1	Homo sapiens
O96017	R145W	CHEK2	Homo sapiens
P54098	E200A	POLG	Homo sapiens
P07753	S264A	psbA	Chlamydomonas reinhardtii
O35627	T350M	Nr1i3	Mus musculus
O35627	Y336A	Nr1i3	Mus musculus
O35627	F171L	Nr1i3	Mus musculus
P20309	F222A	CHRM3	Homo sapiens
P20309	E228A	CHRM3	Homo sapiens
P08483	K93C,K548C	Chrm3	Rattus norvegicus
Q96GD4	E161T	AURKB	Homo sapiens
P49356	W102T,Y154T,Y205T	FNTB	Homo sapiens
P49356	W102T,Y154T	FNTB	Homo sapiens
P52732	A133D	KIF11	Homo sapiens
O60218	Q303S	AKR1B10	Homo sapiens
P29371	H316F	TACR3	Homo sapiens
P29371	H316W	TACR3	Homo sapiens
O60218	Q114T	AKR1B10	Homo sapiens
Q00987	F55W	MDM2	Homo sapiens
Q04206	C38S	RELA	Homo sapiens
P41231	R177A,R180A	P2RY2	Homo sapiens
Q96EB6	R446A	SIRT1	Homo sapiens
Q96EB6	V445A	SIRT1	Homo sapiens
Q9EPK8	Y556A	Trpv4	Mus musculus
Q9UHC9	I1061T	NPC1L1	Homo sapiens
P20831	D83N	gyrA	Staphylococcus aureus
Q09472	G1626A	EP300	Homo sapiens
P55859	F200W	PNP	Bos taurus
P30968	Q208E	GNRHR	Homo sapiens
P34972	Q63R	CNR2	Homo sapiens
P04637	P151S	TP53	Homo sapiens
P31652	T276C	Slc6a4	Rattus norvegicus
Q9UM73	G1202R	ALK	Homo sapiens
P06241	V285C	FYN	Homo sapiens
Q15910	Y641N	EZH2	Homo sapiens
P00523	S345C	SRC	Gallus gallus
P16234	T160M	PDGFRA	Homo sapiens
P10253	L552P	GAA	Homo sapiens
Q923Y8	Y287N	Taar1	Mus musculus
P48730	R69K	CSNK1D	Homo sapiens
P42574	D181A	CASP3	Homo sapiens
O43613	I408V	HCRTR1	Homo sapiens
P34975	I294A	Oprk1	Rattus norvegicus
P34975	Y312A	Oprk1	Rattus norvegicus
P31645	W103C	SLC6A4	Homo sapiens
P31652	Y107C	Slc6a4	Rattus norvegicus
Q92731	E305A	ESR2	Homo sapiens
P0A749	C115D	murA	Escherichia coli
P08183	M197C	ABCB1	Homo sapiens
P08183	G203C	ABCB1	Homo sapiens
O14842	R183A	FFAR1	Homo sapiens
O14842	N244A	FFAR1	Homo sapiens
P42330	Q222H	AKR1C3	Homo sapiens
P42330	M120V	AKR1C3	Homo sapiens
Q04828	F311L	AKR1C1	Homo sapiens
Q02763	Y897S	TEK	Homo sapiens
Q8NER1	N604A	TRPV1	Homo sapiens
Q81R22	F96I	dfrA	Bacillus anthracis
P08581	Y1230C	MET	Homo sapiens
Q8NER1	C621A	TRPV1	Homo sapiens
Q13224	T647A	GRIN2B	Homo sapiens
Q13224	L643A,S645A	GRIN2B	Homo sapiens
P0A031	E185A	ftsZ	Staphylococcus aureus
P00520	A344L	Abl1	Mus musculus
P00520	E255V	Abl1	Mus musculus
Q9Y5X5	E310A	NPFFR2	Homo sapiens
P23975	L469A	SLC6A2	Homo sapiens
P23975	P552D	SLC6A2	Homo sapiens
P05067	K670N,M671L	APP	Homo sapiens
P00720	L99A,M102E	E	Enterobacteria phage T4
P00720	L99A	E	Enterobacteria phage T4
P36888	R834Q	FLT3	Homo sapiens
Q9H3N8	T323M	HRH4	Homo sapiens
Q99685	C242A	MGLL	Homo sapiens
P29274	N181A	ADORA2A	Homo sapiens
Q12809	F656T	KCNH2	Homo sapiens
P30989	W134A	NTSR1	Homo sapiens
P00533	G719C	EGFR	Homo sapiens
P08483	N95C,R551C	Chrm3	Rattus norvegicus
P08483	A91C,F550C	Chrm3	Rattus norvegicus
P0A017	F99Y	folA	Staphylococcus aureus
Q8TDU6	N76A	GPBAR1	Homo sapiens
Q8TDU6	Y89A	GPBAR1	Homo sapiens
Q8TDU6	E169A	GPBAR1	Homo sapiens
Q06124	K364R	PTPN11	Homo sapiens
Q04771	Q207D	ACVR1	Homo sapiens
Q07869	L258W	PPARA	Homo sapiens
P9WPP9	F78L	cyp51	Mycobacterium tuberculosis
P31424	T780A	Grm5	Rattus norvegicus
P31424	Y658V	Grm5	Rattus norvegicus
P32245	C271Y	MC4R	Homo sapiens
P32245	I69T	MC4R	Homo sapiens
Q9R1C8	W283A	Htr6	Mus musculus
Q92847	Q120A	GHSR	Homo sapiens
Q92847	S217A	GHSR	Homo sapiens
P0AES4	S83W	gyrA	Escherichia coli
Q04609	K699S	FOLH1	Homo sapiens
Q92945	K627R	KHSRP	Homo sapiens
Q7Z2W7	H845A	TRPM8	Homo sapiens
P00918	N67I	CA2	Homo sapiens
Q20MD5	L26F	M2	Influenza A virus (A/udorn/1972(H3N2))
P35367	S111A	HRH1	Homo sapiens
P19145	L383C	GAP1	Saccharomyces cerevisiae
P19145	S392C	GAP1	Saccharomyces cerevisiae
Q07817	L130G	BCL2L1	Homo sapiens
Q07817	G196A	BCL2L1	Homo sapiens
Q07817	L130V	BCL2L1	Homo sapiens
Q07817	E96G	BCL2L1	Homo sapiens
Q07817	A93V	BCL2L1	Homo sapiens
O96017	I157T	CHEK2	Homo sapiens
Q4U2W2	F655C	FKS1	Issatchenkia orientalis
P56524	H976Y	HDAC4	Homo sapiens
O35627	L212A	Nr1i3	Mus musculus
O35627	L253F	Nr1i3	Mus musculus
O35627	L353A	Nr1i3	Mus musculus
P20309	K523A	CHRM3	Homo sapiens
P08483	F92C,K548C	Chrm3	Rattus norvegicus
P08483	F92C,R551C	Chrm3	Rattus norvegicus
Q9UM07	C645A	PADI4	Homo sapiens
Q5S007	G2019S	LRRK2	Homo sapiens
P35462	V180E,S182I	DRD3	Homo sapiens
O60218	S304A	AKR1B10	Homo sapiens
O60218	V301L,Q303S	AKR1B10	Homo sapiens
P29371	Y247A	TACR3	Homo sapiens
P29371	Y247W	TACR3	Homo sapiens
P41231	Y118A	P2RY2	Homo sapiens
P41231	R194H	P2RY2	Homo sapiens
P53609	Y126T	PGGT1B	Homo sapiens
P53609	F52Y,Y126T	PGGT1B	Homo sapiens
P35228	Y347F,Y373F	NOS2	Homo sapiens
Q96EB6	F312L	SIRT1	Homo sapiens
P20831	M121K	gyrA	Staphylococcus aureus
P45974	C335A,H818A	USP5	Homo sapiens
Q09472	S1396A	EP300	Homo sapiens
Q09472	Y1397F	EP300	Homo sapiens
O94760	H173A	DDAH1	Homo sapiens
P32238	R336A	CCKAR	Homo sapiens
P11473	H397A	VDR	Homo sapiens
P11473	R274L	VDR	Homo sapiens
P04637	G245C	TP53	Homo sapiens
P04637	R280K	TP53	Homo sapiens
Q9GZQ6	H304A	NPFFR1	Homo sapiens
P61073	H113A	CXCR4	Homo sapiens
P61073	F174A	CXCR4	Homo sapiens
P61073	D187A	CXCR4	Homo sapiens
P61073	V196A	CXCR4	Homo sapiens
P61073	Q200A	CXCR4	Homo sapiens
P61073	E288A	CXCR4	Homo sapiens
P61073	I259W	CXCR4	Homo sapiens
Q9UM73	L1152R	ALK	Homo sapiens
P22607	K650M	FGFR3	Homo sapiens
P16234	D842V	PDGFRA	Homo sapiens
Q923Y9	D102A	Taar1	Rattus norvegicus
Q923Y9	N287Y	Taar1	Rattus norvegicus
P61073	A175F	CXCR4	Homo sapiens
P34975	I290A	Oprk1	Rattus norvegicus
P34975	I316A	Oprk1	Rattus norvegicus
P31652	K272C	Slc6a4	Rattus norvegicus
P31652	S404C	Slc6a4	Rattus norvegicus
Q8WUI4	H843Y	HDAC7	Homo sapiens
P14416	S193T,S197T	DRD2	Homo sapiens
P32238	W39A	CCKAR	Homo sapiens
Q13224	D101A	GRIN2B	Homo sapiens
Q13224	D104A	GRIN2B	Homo sapiens
P13738	N64C	nhaA	Escherichia coli
Q13224	D557A	GRIN2B	Homo sapiens
Q13224	F182A	GRIN2B	Homo sapiens
P21554	S383A	CNR1	Homo sapiens
P21554	F200L	CNR1	Homo sapiens
P00520	M351T	Abl1	Mus musculus
P00519	F317L	ABL1	Homo sapiens
P23975	N170E	SLC6A2	Homo sapiens
P23975	D175A	SLC6A2	Homo sapiens
P23975	S225H	SLC6A2	Homo sapiens
Q9Y5X5	Q410A	NPFFR2	Homo sapiens
Q9UQL6	H1006Y	HDAC5	Homo sapiens
P23975	D298A	SLC6A2	Homo sapiens
P23975	D310A	SLC6A2	Homo sapiens
P23975	T381K	SLC6A2	Homo sapiens
P42336	E545K	PIK3CA	Homo sapiens
P42336	E542K	PIK3CA	Homo sapiens
P42336	H1047Y	PIK3CA	Homo sapiens
Q9H3N8	Q347L	HRH4	Homo sapiens
P16278	R457Q	GLB1	Homo sapiens
P29274	I66A	ADORA2A	Homo sapiens
P29274	T88A	ADORA2A	Homo sapiens
P29274	L167A	ADORA2A	Homo sapiens
Q12809	N658A	KCNH2	Homo sapiens
Q12809	V659A	KCNH2	Homo sapiens
P06280	R301Q	GLA	Homo sapiens
P13569	K1250A	CFTR	Homo sapiens
Q12809	F656M	KCNH2	Homo sapiens
P30989	H131A	NTSR1	Homo sapiens
P10721	A829P	KIT	Homo sapiens
P08483	A91C,R551C	Chrm3	Rattus norvegicus
Q8TDU6	N93D	GPBAR1	Homo sapiens
P32245	L106P	MC4R	Homo sapiens
Q92847	F119A	GHSR	Homo sapiens
Q92847	S123T	GHSR	Homo sapiens
P45984	C163S	MAPK9	Homo sapiens
P31749	C296A	AKT1	Homo sapiens
Q9Y243	S472D	AKT3	Homo sapiens
P14743	T24A	NMT1	Saccharomyces cerevisiae
Q27552	R190G	DHFR-TS	Cryptosporidium hominis
Q7Z2W7	R862A	TRPM8	Homo sapiens
Q7Z2W7	Y745H	TRPM8	Homo sapiens
Q01959	F472L	SLC6A3	Homo sapiens
P35367	N460S	HRH1	Homo sapiens
P19145	A393C	GAP1	Saccharomyces cerevisiae
P19145	G390C	GAP1	Saccharomyces cerevisiae
P19145	R399C	GAP1	Saccharomyces cerevisiae
P19145	T400C	GAP1	Saccharomyces cerevisiae
P19145	V389C	GAP1	Saccharomyces cerevisiae
P19145	Y395C	GAP1	Saccharomyces cerevisiae
Q16539	T106M	MAPK14	Homo sapiens
Q07817	F97V	BCL2L1	Homo sapiens
Q07973	M416T	CYP24A1	Homo sapiens
P9WPP1	C429L	cyp125	Mycobacterium tuberculosis H37Rv
P49768	S290C,M292D	PSEN1	Homo sapiens
P01116	G12V	KRAS	Homo sapiens
P08483	F92C,T549C	Chrm3	Rattus norvegicus
